e11,e22,e33,vel0,vel1,vel2,vel3,vel4,vel5,vel6,vel7,vel8,vel9,vel10,vel11,
0,0,0,,0,0,0,0,0,0,0,0,0,0,0,0
-0.000488582,-0.000488582,0.0010001,,0.0336776,0.0336776,2.26651e-165,0.0336776,0.0336776,2.26651e-165,0.0336776,0.0336776,2.26651e-165,0.0336776,0.0336776,2.26651e-165
-0.000979607,-0.000979607,0.002,,0.0101687,0.0101687,2.45438e-210,0.0101687,0.0101687,2.45438e-210,0.0101687,0.0101687,2.45438e-210,0.0101687,0.0101687,2.45438e-210
-0.00147077,-0.00147077,0.0030001,,0.00486274,0.00486274,1.6986e-210,0.00486274,0.00486274,1.6986e-210,0.00486274,0.00486274,1.6986e-210,0.00486274,0.00486274,1.6986e-210
-0.00196197,-0.00196197,0.0040001,,0.00285563,0.00285563,1.30146e-210,0.00285563,0.00285563,1.30146e-210,0.00285563,0.00285563,1.30146e-210,0.00285563,0.00285563,1.30146e-210
-0.00245321,-0.00245321,0.005,,0.00188645,0.00188645,1.0572e-210,0.00188645,0.00188645,1.0572e-210,0.00188645,0.00188645,1.0572e-210,0.00188645,0.00188645,1.0572e-210
-0.00294463,-0.00294463,0.006,,0.00134562,0.00134562,8.92152e-211,0.00134562,0.00134562,8.92152e-211,0.00134562,0.00134562,8.92152e-211,0.00134562,0.00134562,8.92152e-211
-0.00343619,-0.00343619,0.007,,0.00101346,0.00101346,7.73466e-211,0.00101346,0.00101346,7.73466e-211,0.00101346,0.00101346,7.73466e-211,0.00101346,0.00101346,7.73466e-211
-0.00392792,-0.00392792,0.008,,0.000794994,0.000794994,6.8424e-211,0.000794994,0.000794994,6.8424e-211,0.000794994,0.000794994,6.8424e-211,0.000794994,0.000794994,6.8424e-211
-0.00441983,-0.00441983,0.009,,0.000643717,0.000643717,6.14898e-211,0.000643717,0.000643717,6.14898e-211,0.000643717,0.000643717,6.14898e-211,0.000643717,0.000643717,6.14898e-211
-0.00491199,-0.00491199,0.0100001,,0.000534682,0.000534682,5.59604e-211,0.000534682,0.000534682,5.59604e-211,0.000534682,0.000534682,5.59604e-211,0.000534682,0.000534682,5.59604e-211
-0.00540432,-0.00540432,0.0110001,,0.000453555,0.000453555,5.14613e-211,0.000453555,0.000453555,5.14613e-211,0.000453555,0.000453555,5.14613e-211,0.000453555,0.000453555,5.14613e-211
-0.00589688,-0.00589688,0.0120001,,0.00039159,0.00039159,4.77393e-211,0.00039159,0.00039159,4.77393e-211,0.00039159,0.00039159,4.77393e-211,0.00039159,0.00039159,4.77393e-211
-0.00638968,-0.00638968,0.0130001,,0.00034322,0.00034322,4.46179e-211,0.00034322,0.00034322,4.46179e-211,0.00034322,0.00034322,4.46179e-211,0.00034322,0.00034322,4.46179e-211
-0.00688274,-0.00688274,0.0140001,,0.000304766,0.000304766,4.19705e-211,0.000304766,0.000304766,4.19705e-211,0.000304766,0.000304766,4.19705e-211,0.000304766,0.000304766,4.19705e-211
-0.00737606,-0.00737606,0.0150001,,0.000273714,0.000273714,3.97035e-211,0.000273714,0.000273714,3.97035e-211,0.000273714,0.000273714,3.97035e-211,0.000273714,0.000273714,3.97035e-211
-0.00786964,-0.00786964,0.0160001,,0.0002483,0.0002483,3.77464e-211,0.0002483,0.0002483,3.77464e-211,0.0002483,0.0002483,3.77464e-211,0.0002483,0.0002483,3.77464e-211
-0.0083635,-0.0083635,0.0170001,,0.000227257,0.000227257,3.60449e-211,0.000227257,0.000227257,3.60449e-211,0.000227257,0.000227257,3.60449e-211,0.000227257,0.000227257,3.60449e-211
-0.00885763,-0.00885763,0.0180001,,0.000209654,0.000209654,3.45569e-211,0.000209654,0.000209654,3.45569e-211,0.000209654,0.000209654,3.45569e-211,0.000209654,0.000209654,3.45569e-211
-0.00935203,-0.00935203,0.0190001,,0.000194797,0.000194797,3.32486e-211,0.000194797,0.000194797,3.32486e-211,0.000194797,0.000194797,3.32486e-211,0.000194797,0.000194797,3.32486e-211
-0.00984671,-0.00984671,0.0200001,,0.000182157,0.000182157,3.20932e-211,0.000182157,0.000182157,3.20932e-211,0.000182157,0.000182157,3.20932e-211,0.000182157,0.000182157,3.20932e-211
-0.0103417,-0.0103417,0.0210001,,0.000171329,0.000171329,3.10688e-211,0.000171329,0.000171329,3.10688e-211,0.000171329,0.000171329,3.10688e-211,0.000171329,0.000171329,3.10688e-211
-0.0108369,-0.0108369,0.0220001,,0.000161993,0.000161993,3.01573e-211,0.000161993,0.000161993,3.01573e-211,0.000161993,0.000161993,3.01573e-211,0.000161993,0.000161993,3.01573e-211
-0.0113324,-0.0113324,0.0230001,,0.0001539,0.0001539,2.93438e-211,0.0001539,0.0001539,2.93438e-211,0.0001539,0.0001539,2.93438e-211,0.0001539,0.0001539,2.93438e-211
-0.0118281,-0.0118281,0.0240001,,0.000146848,0.000146848,2.86158e-211,0.000146848,0.000146848,2.86158e-211,0.000146848,0.000146848,2.86158e-211,0.000146848,0.000146848,2.86158e-211
-0.0123241,-0.0123241,0.0250001,,0.000140676,0.000140676,2.79629e-211,0.000140676,0.000140676,2.79629e-211,0.000140676,0.000140676,2.79629e-211,0.000140676,0.000140676,2.79629e-211
-0.0128203,-0.0128203,0.0260001,,0.000135253,0.000135253,2.73759e-211,0.000135253,0.000135253,2.73759e-211,0.000135253,0.000135253,2.73759e-211,0.000135253,0.000135253,2.73759e-211
-0.0133168,-0.0133168,0.0270001,,0.00013047,0.00013047,2.68473e-211,0.00013047,0.00013047,2.68473e-211,0.00013047,0.00013047,2.68473e-211,0.00013047,0.00013047,2.68473e-211
-0.0138135,-0.0138135,0.0280001,,0.000126237,0.000126237,2.63705e-211,0.000126237,0.000126237,2.63705e-211,0.000126237,0.000126237,2.63705e-211,0.000126237,0.000126237,2.63705e-211
-0.0143104,-0.0143104,0.0290001,,0.00012248,0.00012248,2.59398e-211,0.00012248,0.00012248,2.59398e-211,0.00012248,0.00012248,2.59398e-211,0.00012248,0.00012248,2.59398e-211
-0.0148075,-0.0148075,0.0300001,,0.000119137,0.000119137,2.55502e-211,0.000119137,0.000119137,2.55502e-211,0.000119137,0.000119137,2.55502e-211,0.000119137,0.000119137,2.55502e-211
-0.0153048,-0.0153048,0.0310001,,0.000116155,0.000116155,2.51974e-211,0.000116155,0.000116155,2.51974e-211,0.000116155,0.000116155,2.51974e-211,0.000116155,0.000116155,2.51974e-211
-0.0158023,-0.0158023,0.0320001,,0.000113488,0.000113488,2.48776e-211,0.000113488,0.000113488,2.48776e-211,0.000113488,0.000113488,2.48776e-211,0.000113488,0.000113488,2.48776e-211
-0.0162999,-0.0162999,0.0330001,,0.000111099,0.000111099,2.45874e-211,0.000111099,0.000111099,2.45874e-211,0.000111099,0.000111099,2.45874e-211,0.000111099,0.000111099,2.45874e-211
-0.0167978,-0.0167978,0.0340001,,0.000108955,0.000108955,2.43239e-211,0.000108955,0.000108955,2.43239e-211,0.000108955,0.000108955,2.43239e-211,0.000108955,0.000108955,2.43239e-211
-0.0172958,-0.0172958,0.0350001,,0.000107027,0.000107027,2.40845e-211,0.000107027,0.000107027,2.40845e-211,0.000107027,0.000107027,2.40845e-211,0.000107027,0.000107027,2.40845e-211
-0.0177938,-0.0177938,0.036,,0.000105292,0.000105292,2.38667e-211,0.000105292,0.000105292,2.38667e-211,0.000105292,0.000105292,2.38667e-211,0.000105292,0.000105292,2.38667e-211
-0.0182921,-0.0182921,0.037,,0.000103727,0.000103727,2.36686e-211,0.000103727,0.000103727,2.36686e-211,0.000103727,0.000103727,2.36686e-211,0.000103727,0.000103727,2.36686e-211
-0.0187905,-0.0187905,0.038,,0.000102314,0.000102314,2.34882e-211,0.000102314,0.000102314,2.34882e-211,0.000102314,0.000102314,2.34882e-211,0.000102314,0.000102314,2.34882e-211
-0.019289,-0.019289,0.039,,0.000101037,0.000101037,2.3324e-211,0.000101037,0.000101037,2.3324e-211,0.000101037,0.000101037,2.3324e-211,0.000101037,0.000101037,2.3324e-211
-0.0197877,-0.0197877,0.04,,9.98816e-05,9.98816e-05,2.31743e-211,9.98816e-05,9.98816e-05,2.31743e-211,9.98816e-05,9.98816e-05,2.31743e-211,9.98816e-05,9.98816e-05,2.31743e-211
-0.0202864,-0.0202864,0.041,,9.88353e-05,9.88353e-05,2.30378e-211,9.88353e-05,9.88353e-05,2.30378e-211,9.88353e-05,9.88353e-05,2.30378e-211,9.88353e-05,9.88353e-05,2.30378e-211
-0.0207853,-0.0207853,0.042,,9.78868e-05,9.78868e-05,2.29134e-211,9.78868e-05,9.78868e-05,2.29134e-211,9.78868e-05,9.78868e-05,2.29134e-211,9.78868e-05,9.78868e-05,2.29134e-211
-0.0212842,-0.0212842,0.043,,9.70264e-05,9.70264e-05,2.27999e-211,9.70264e-05,9.70264e-05,2.27999e-211,9.70264e-05,9.70264e-05,2.27999e-211,9.70264e-05,9.70264e-05,2.27999e-211
-0.0217832,-0.0217832,0.044,,9.62454e-05,9.62454e-05,2.26964e-211,9.62454e-05,9.62454e-05,2.26964e-211,9.62454e-05,9.62454e-05,2.26964e-211,9.62454e-05,9.62454e-05,2.26964e-211
-0.0222823,-0.0222823,0.045,,9.55359e-05,9.55359e-05,2.26019e-211,9.55359e-05,9.55359e-05,2.26019e-211,9.55359e-05,9.55359e-05,2.26019e-211,9.55359e-05,9.55359e-05,2.26019e-211
-0.0227815,-0.0227815,0.046,,9.48909e-05,9.48909e-05,2.25157e-211,9.48909e-05,9.48909e-05,2.25157e-211,9.48909e-05,9.48909e-05,2.25157e-211,9.48909e-05,9.48909e-05,2.25157e-211
-0.0232807,-0.0232807,0.047,,9.43044e-05,9.43044e-05,2.24369e-211,9.43044e-05,9.43044e-05,2.24369e-211,9.43044e-05,9.43044e-05,2.24369e-211,9.43044e-05,9.43044e-05,2.24369e-211
-0.02378,-0.02378,0.048,,9.37707e-05,9.37707e-05,2.2365e-211,9.37707e-05,9.37707e-05,2.2365e-211,9.37707e-05,9.37707e-05,2.2365e-211,9.37707e-05,9.37707e-05,2.2365e-211
-0.0242794,-0.0242794,0.049,,9.32849e-05,9.32849e-05,2.22994e-211,9.32849e-05,9.32849e-05,2.22994e-211,9.32849e-05,9.32849e-05,2.22994e-211,9.32849e-05,9.32849e-05,2.22994e-211
-0.0247788,-0.0247788,0.05,,9.28424e-05,9.28424e-05,2.22394e-211,9.28424e-05,9.28424e-05,2.22394e-211,9.28424e-05,9.28424e-05,2.22394e-211,9.28424e-05,9.28424e-05,2.22394e-211
-0.0252782,-0.0252782,0.051,,9.24392e-05,9.24392e-05,2.21846e-211,9.24392e-05,9.24392e-05,2.21846e-211,9.24392e-05,9.24392e-05,2.21846e-211,9.24392e-05,9.24392e-05,2.21846e-211
-0.0257777,-0.0257777,0.052,,9.20718e-05,9.20718e-05,2.21345e-211,9.20718e-05,9.20718e-05,2.21345e-211,9.20718e-05,9.20718e-05,2.21345e-211,9.20718e-05,9.20718e-05,2.21345e-211
-0.0262772,-0.0262772,0.053,,9.17368e-05,9.17368e-05,2.20888e-211,9.17368e-05,9.17368e-05,2.20888e-211,9.17368e-05,9.17368e-05,2.20888e-211,9.17368e-05,9.17368e-05,2.20888e-211
-0.0267768,-0.0267768,0.054,,9.14314e-05,9.14314e-05,2.20469e-211,9.14314e-05,9.14314e-05,2.20469e-211,9.14314e-05,9.14314e-05,2.20469e-211,9.14314e-05,9.14314e-05,2.20469e-211
-0.0272764,-0.0272764,0.055,,9.11527e-05,9.11527e-05,2.20087e-211,9.11527e-05,9.11527e-05,2.20087e-211,9.11527e-05,9.11527e-05,2.20087e-211,9.11527e-05,9.11527e-05,2.20087e-211
-0.0277761,-0.0277761,0.056,,9.08984e-05,9.08984e-05,2.19738e-211,9.08984e-05,9.08984e-05,2.19738e-211,9.08984e-05,9.08984e-05,2.19738e-211,9.08984e-05,9.08984e-05,2.19738e-211
-0.0282758,-0.0282758,0.057,,9.06664e-05,9.06664e-05,2.19419e-211,9.06664e-05,9.06664e-05,2.19419e-211,9.06664e-05,9.06664e-05,2.19419e-211,9.06664e-05,9.06664e-05,2.19419e-211
-0.0287755,-0.0287755,0.058,,9.04545e-05,9.04545e-05,2.19127e-211,9.04545e-05,9.04545e-05,2.19127e-211,9.04545e-05,9.04545e-05,2.19127e-211,9.04545e-05,9.04545e-05,2.19127e-211
-0.0292752,-0.0292752,0.059,,9.02611e-05,9.02611e-05,2.1886e-211,9.02611e-05,9.02611e-05,2.1886e-211,9.02611e-05,9.02611e-05,2.1886e-211,9.02611e-05,9.02611e-05,2.1886e-211
-0.0297749,-0.0297749,0.06,,9.00845e-05,9.00845e-05,2.18616e-211,9.00845e-05,9.00845e-05,2.18616e-211,9.00845e-05,9.00845e-05,2.18616e-211,9.00845e-05,9.00845e-05,2.18616e-211
-0.0302747,-0.0302747,0.061,,8.99232e-05,8.99232e-05,2.18393e-211,8.99232e-05,8.99232e-05,2.18393e-211,8.99232e-05,8.99232e-05,2.18393e-211,8.99232e-05,8.99232e-05,2.18393e-211
-0.0307745,-0.0307745,0.062,,8.97759e-05,8.97759e-05,2.18189e-211,8.97759e-05,8.97759e-05,2.18189e-211,8.97759e-05,8.97759e-05,2.18189e-211,8.97759e-05,8.97759e-05,2.18189e-211
-0.0312743,-0.0312743,0.063,,8.96413e-05,8.96413e-05,2.18002e-211,8.96413e-05,8.96413e-05,2.18002e-211,8.96413e-05,8.96413e-05,2.18002e-211,8.96413e-05,8.96413e-05,2.18002e-211
-0.0317741,-0.0317741,0.064,,8.95183e-05,8.95183e-05,2.17832e-211,8.95183e-05,8.95183e-05,2.17832e-211,8.95183e-05,8.95183e-05,2.17832e-211,8.95183e-05,8.95183e-05,2.17832e-211
-0.032274,-0.032274,0.065,,8.9406e-05,8.9406e-05,2.17676e-211,8.9406e-05,8.9406e-05,2.17676e-211,8.9406e-05,8.9406e-05,2.17676e-211,8.9406e-05,8.9406e-05,2.17676e-211
-0.0327738,-0.0327738,0.066,,8.93033e-05,8.93033e-05,2.17533e-211,8.93033e-05,8.93033e-05,2.17533e-211,8.93033e-05,8.93033e-05,2.17533e-211,8.93033e-05,8.93033e-05,2.17533e-211
-0.0332737,-0.0332737,0.067,,8.92094e-05,8.92094e-05,2.17402e-211,8.92094e-05,8.92094e-05,2.17402e-211,8.92094e-05,8.92094e-05,2.17402e-211,8.92094e-05,8.92094e-05,2.17402e-211
-0.0337736,-0.0337736,0.068,,8.91236e-05,8.91236e-05,2.17283e-211,8.91236e-05,8.91236e-05,2.17283e-211,8.91236e-05,8.91236e-05,2.17283e-211,8.91236e-05,8.91236e-05,2.17283e-211
-0.0342734,-0.0342734,0.069,,8.90452e-05,8.90452e-05,2.17174e-211,8.90452e-05,8.90452e-05,2.17174e-211,8.90452e-05,8.90452e-05,2.17174e-211,8.90452e-05,8.90452e-05,2.17174e-211
-0.0347733,-0.0347733,0.07,,8.89735e-05,8.89735e-05,2.17074e-211,8.89735e-05,8.89735e-05,2.17074e-211,8.89735e-05,8.89735e-05,2.17074e-211,8.89735e-05,8.89735e-05,2.17074e-211
-0.0352732,-0.0352732,0.071,,8.8908e-05,8.8908e-05,2.16983e-211,8.8908e-05,8.8908e-05,2.16983e-211,8.8908e-05,8.8908e-05,2.16983e-211,8.8908e-05,8.8908e-05,2.16983e-211
-0.0357732,-0.0357732,0.072,,8.88481e-05,8.88481e-05,2.16899e-211,8.88481e-05,8.88481e-05,2.16899e-211,8.88481e-05,8.88481e-05,2.16899e-211,8.88481e-05,8.88481e-05,2.16899e-211
-0.0362731,-0.0362731,0.073,,8.87933e-05,8.87933e-05,2.16823e-211,8.87933e-05,8.87933e-05,2.16823e-211,8.87933e-05,8.87933e-05,2.16823e-211,8.87933e-05,8.87933e-05,2.16823e-211
-0.036773,-0.036773,0.074,,8.87432e-05,8.87432e-05,2.16753e-211,8.87432e-05,8.87432e-05,2.16753e-211,8.87432e-05,8.87432e-05,2.16753e-211,8.87432e-05,8.87432e-05,2.16753e-211
-0.0372729,-0.0372729,0.075,,8.86974e-05,8.86974e-05,2.16689e-211,8.86974e-05,8.86974e-05,2.16689e-211,8.86974e-05,8.86974e-05,2.16689e-211,8.86974e-05,8.86974e-05,2.16689e-211
-0.0377729,-0.0377729,0.076,,8.86555e-05,8.86555e-05,2.16631e-211,8.86555e-05,8.86555e-05,2.16631e-211,8.86555e-05,8.86555e-05,2.16631e-211,8.86555e-05,8.86555e-05,2.16631e-211
-0.0382728,-0.0382728,0.077,,8.86172e-05,8.86172e-05,2.16577e-211,8.86172e-05,8.86172e-05,2.16577e-211,8.86172e-05,8.86172e-05,2.16577e-211,8.86172e-05,8.86172e-05,2.16577e-211
-0.0387728,-0.0387728,0.078,,8.85822e-05,8.85822e-05,2.16528e-211,8.85822e-05,8.85822e-05,2.16528e-211,8.85822e-05,8.85822e-05,2.16528e-211,8.85822e-05,8.85822e-05,2.16528e-211
-0.0392727,-0.0392727,0.079,,8.85502e-05,8.85502e-05,2.16484e-211,8.85502e-05,8.85502e-05,2.16484e-211,8.85502e-05,8.85502e-05,2.16484e-211,8.85502e-05,8.85502e-05,2.16484e-211
-0.0397727,-0.0397727,0.08,,8.85209e-05,8.85209e-05,2.16443e-211,8.85209e-05,8.85209e-05,2.16443e-211,8.85209e-05,8.85209e-05,2.16443e-211,8.85209e-05,8.85209e-05,2.16443e-211
-0.0402726,-0.0402726,0.081,,8.84941e-05,8.84941e-05,2.16405e-211,8.84941e-05,8.84941e-05,2.16405e-211,8.84941e-05,8.84941e-05,2.16405e-211,8.84941e-05,8.84941e-05,2.16405e-211
-0.0407726,-0.0407726,0.082,,8.84695e-05,8.84695e-05,2.16371e-211,8.84695e-05,8.84695e-05,2.16371e-211,8.84695e-05,8.84695e-05,2.16371e-211,8.84695e-05,8.84695e-05,2.16371e-211
-0.0412726,-0.0412726,0.083,,8.84471e-05,8.84471e-05,2.1634e-211,8.84471e-05,8.84471e-05,2.1634e-211,8.84471e-05,8.84471e-05,2.1634e-211,8.84471e-05,8.84471e-05,2.1634e-211
-0.0417725,-0.0417725,0.084,,8.84266e-05,8.84266e-05,2.16311e-211,8.84266e-05,8.84266e-05,2.16311e-211,8.84266e-05,8.84266e-05,2.16311e-211,8.84266e-05,8.84266e-05,2.16311e-211
-0.0422725,-0.0422725,0.085,,8.84079e-05,8.84079e-05,2.16285e-211,8.84079e-05,8.84079e-05,2.16285e-211,8.84079e-05,8.84079e-05,2.16285e-211,8.84079e-05,8.84079e-05,2.16285e-211
-0.0427725,-0.0427725,0.086,,8.83907e-05,8.83907e-05,2.16261e-211,8.83907e-05,8.83907e-05,2.16261e-211,8.83907e-05,8.83907e-05,2.16261e-211,8.83907e-05,8.83907e-05,2.16261e-211
-0.0432725,-0.0432725,0.087,,8.8375e-05,8.8375e-05,2.16239e-211,8.8375e-05,8.8375e-05,2.16239e-211,8.8375e-05,8.8375e-05,2.16239e-211,8.8375e-05,8.8375e-05,2.16239e-211
-0.0437724,-0.0437724,0.088,,8.83607e-05,8.83607e-05,2.16219e-211,8.83607e-05,8.83607e-05,2.16219e-211,8.83607e-05,8.83607e-05,2.16219e-211,8.83607e-05,8.83607e-05,2.16219e-211
-0.0442724,-0.0442724,0.089,,8.83476e-05,8.83476e-05,2.162e-211,8.83476e-05,8.83476e-05,2.162e-211,8.83476e-05,8.83476e-05,2.162e-211,8.83476e-05,8.83476e-05,2.162e-211
-0.0447724,-0.0447724,0.09,,8.83356e-05,8.83356e-05,2.16184e-211,8.83356e-05,8.83356e-05,2.16184e-211,8.83356e-05,8.83356e-05,2.16184e-211,8.83356e-05,8.83356e-05,2.16184e-211
-0.0452724,-0.0452724,0.091,,8.83246e-05,8.83246e-05,2.16168e-211,8.83246e-05,8.83246e-05,2.16168e-211,8.83246e-05,8.83246e-05,2.16168e-211,8.83246e-05,8.83246e-05,2.16168e-211
-0.0457724,-0.0457724,0.092,,8.83145e-05,8.83145e-05,2.16154e-211,8.83145e-05,8.83145e-05,2.16154e-211,8.83145e-05,8.83145e-05,2.16154e-211,8.83145e-05,8.83145e-05,2.16154e-211
-0.0462724,-0.0462724,0.093,,8.83053e-05,8.83053e-05,2.16141e-211,8.83053e-05,8.83053e-05,2.16141e-211,8.83053e-05,8.83053e-05,2.16141e-211,8.83053e-05,8.83053e-05,2.16141e-211
-0.0467723,-0.0467723,0.094,,8.82969e-05,8.82969e-05,2.16129e-211,8.82969e-05,8.82969e-05,2.16129e-211,8.82969e-05,8.82969e-05,2.16129e-211,8.82969e-05,8.82969e-05,2.16129e-211
-0.0472723,-0.0472723,0.095,,8.82892e-05,8.82892e-05,2.16119e-211,8.82892e-05,8.82892e-05,2.16119e-211,8.82892e-05,8.82892e-05,2.16119e-211,8.82892e-05,8.82892e-05,2.16119e-211
-0.0477723,-0.0477723,0.096,,8.82822e-05,8.82822e-05,2.16109e-211,8.82822e-05,8.82822e-05,2.16109e-211,8.82822e-05,8.82822e-05,2.16109e-211,8.82822e-05,8.82822e-05,2.16109e-211
-0.0482723,-0.0482723,0.097,,8.82758e-05,8.82758e-05,2.161e-211,8.82758e-05,8.82758e-05,2.161e-211,8.82758e-05,8.82758e-05,2.161e-211,8.82758e-05,8.82758e-05,2.161e-211
-0.0487723,-0.0487723,0.098,,8.82699e-05,8.82699e-05,2.16092e-211,8.82699e-05,8.82699e-05,2.16092e-211,8.82699e-05,8.82699e-05,2.16092e-211,8.82699e-05,8.82699e-05,2.16092e-211
-0.0492723,-0.0492723,0.099,,8.82645e-05,8.82645e-05,2.16084e-211,8.82645e-05,8.82645e-05,2.16084e-211,8.82645e-05,8.82645e-05,2.16084e-211,8.82645e-05,8.82645e-05,2.16084e-211
-0.0497723,-0.0497723,0.1,,8.82596e-05,8.82596e-05,2.16077e-211,8.82596e-05,8.82596e-05,2.16077e-211,8.82596e-05,8.82596e-05,2.16077e-211,8.82596e-05,8.82596e-05,2.16077e-211
-0.0502723,-0.0502723,0.101,,8.8255e-05,8.8255e-05,2.16071e-211,8.8255e-05,8.8255e-05,2.16071e-211,8.8255e-05,8.8255e-05,2.16071e-211,8.8255e-05,8.8255e-05,2.16071e-211
-0.0507723,-0.0507723,0.102,,8.82509e-05,8.82509e-05,2.16065e-211,8.82509e-05,8.82509e-05,2.16065e-211,8.82509e-05,8.82509e-05,2.16065e-211,8.82509e-05,8.82509e-05,2.16065e-211
-0.0512723,-0.0512723,0.103,,8.82472e-05,8.82472e-05,2.1606e-211,8.82472e-05,8.82472e-05,2.1606e-211,8.82472e-05,8.82472e-05,2.1606e-211,8.82472e-05,8.82472e-05,2.1606e-211
-0.0517723,-0.0517723,0.104,,8.82437e-05,8.82437e-05,2.16055e-211,8.82437e-05,8.82437e-05,2.16055e-211,8.82437e-05,8.82437e-05,2.16055e-211,8.82437e-05,8.82437e-05,2.16055e-211
-0.0522723,-0.0522723,0.105,,8.82405e-05,8.82405e-05,2.16051e-211,8.82405e-05,8.82405e-05,2.16051e-211,8.82405e-05,8.82405e-05,2.16051e-211,8.82405e-05,8.82405e-05,2.16051e-211
-0.0527723,-0.0527723,0.106,,8.82377e-05,8.82377e-05,2.16047e-211,8.82377e-05,8.82377e-05,2.16047e-211,8.82377e-05,8.82377e-05,2.16047e-211,8.82377e-05,8.82377e-05,2.16047e-211
-0.0532723,-0.0532723,0.107,,8.8235e-05,8.8235e-05,2.16043e-211,8.8235e-05,8.8235e-05,2.16043e-211,8.8235e-05,8.8235e-05,2.16043e-211,8.8235e-05,8.8235e-05,2.16043e-211
-0.0537722,-0.0537722,0.108,,8.82326e-05,8.82326e-05,2.16039e-211,8.82326e-05,8.82326e-05,2.16039e-211,8.82326e-05,8.82326e-05,2.16039e-211,8.82326e-05,8.82326e-05,2.16039e-211
-0.0542722,-0.0542722,0.109,,8.82304e-05,8.82304e-05,2.16036e-211,8.82304e-05,8.82304e-05,2.16036e-211,8.82304e-05,8.82304e-05,2.16036e-211,8.82304e-05,8.82304e-05,2.16036e-211
-0.0547722,-0.0547722,0.11,,8.82284e-05,8.82284e-05,2.16034e-211,8.82284e-05,8.82284e-05,2.16034e-211,8.82284e-05,8.82284e-05,2.16034e-211,8.82284e-05,8.82284e-05,2.16034e-211
-0.0552722,-0.0552722,0.111,,8.82265e-05,8.82265e-05,2.16031e-211,8.82265e-05,8.82265e-05,2.16031e-211,8.82265e-05,8.82265e-05,2.16031e-211,8.82265e-05,8.82265e-05,2.16031e-211
-0.0557722,-0.0557722,0.112,,8.82248e-05,8.82248e-05,2.16029e-211,8.82248e-05,8.82248e-05,2.16029e-211,8.82248e-05,8.82248e-05,2.16029e-211,8.82248e-05,8.82248e-05,2.16029e-211
-0.0562722,-0.0562722,0.113,,8.82233e-05,8.82233e-05,2.16026e-211,8.82233e-05,8.82233e-05,2.16026e-211,8.82233e-05,8.82233e-05,2.16026e-211,8.82233e-05,8.82233e-05,2.16026e-211
-0.0567722,-0.0567722,0.114,,8.82219e-05,8.82219e-05,2.16024e-211,8.82219e-05,8.82219e-05,2.16024e-211,8.82219e-05,8.82219e-05,2.16024e-211,8.82219e-05,8.82219e-05,2.16024e-211
-0.0572722,-0.0572722,0.115,,8.82206e-05,8.82206e-05,2.16023e-211,8.82206e-05,8.82206e-05,2.16023e-211,8.82206e-05,8.82206e-05,2.16023e-211,8.82206e-05,8.82206e-05,2.16023e-211
-0.0577722,-0.0577722,0.116,,8.82194e-05,8.82194e-05,2.16021e-211,8.82194e-05,8.82194e-05,2.16021e-211,8.82194e-05,8.82194e-05,2.16021e-211,8.82194e-05,8.82194e-05,2.16021e-211
-0.0582722,-0.0582722,0.117,,8.82183e-05,8.82183e-05,2.16019e-211,8.82183e-05,8.82183e-05,2.16019e-211,8.82183e-05,8.82183e-05,2.16019e-211,8.82183e-05,8.82183e-05,2.16019e-211
-0.0587722,-0.0587722,0.118,,8.82173e-05,8.82173e-05,2.16018e-211,8.82173e-05,8.82173e-05,2.16018e-211,8.82173e-05,8.82173e-05,2.16018e-211,8.82173e-05,8.82173e-05,2.16018e-211
-0.0592722,-0.0592722,0.119,,8.82164e-05,8.82164e-05,2.16017e-211,8.82164e-05,8.82164e-05,2.16017e-211,8.82164e-05,8.82164e-05,2.16017e-211,8.82164e-05,8.82164e-05,2.16017e-211
-0.0597722,-0.0597722,0.12,,8.82156e-05,8.82156e-05,2.16016e-211,8.82156e-05,8.82156e-05,2.16016e-211,8.82156e-05,8.82156e-05,2.16016e-211,8.82156e-05,8.82156e-05,2.16016e-211
-0.0602722,-0.0602722,0.121,,8.82148e-05,8.82148e-05,2.16015e-211,8.82148e-05,8.82148e-05,2.16015e-211,8.82148e-05,8.82148e-05,2.16015e-211,8.82148e-05,8.82148e-05,2.16015e-211
-0.0607722,-0.0607722,0.122,,8.82141e-05,8.82141e-05,2.16014e-211,8.82141e-05,8.82141e-05,2.16014e-211,8.82141e-05,8.82141e-05,2.16014e-211,8.82141e-05,8.82141e-05,2.16014e-211
-0.0612722,-0.0612722,0.123,,8.82135e-05,8.82135e-05,2.16013e-211,8.82135e-05,8.82135e-05,2.16013e-211,8.82135e-05,8.82135e-05,2.16013e-211,8.82135e-05,8.82135e-05,2.16013e-211
-0.0617722,-0.0617722,0.124,,8.82129e-05,8.82129e-05,2.16012e-211,8.82129e-05,8.82129e-05,2.16012e-211,8.82129e-05,8.82129e-05,2.16012e-211,8.82129e-05,8.82129e-05,2.16012e-211
-0.0622722,-0.0622722,0.125,,8.82123e-05,8.82124e-05,2.16011e-211,8.82123e-05,8.82124e-05,2.16011e-211,8.82123e-05,8.82124e-05,2.16011e-211,8.82123e-05,8.82124e-05,2.16011e-211
-0.0627722,-0.0627722,0.126,,8.82119e-05,8.82119e-05,2.1601e-211,8.82119e-05,8.82119e-05,2.1601e-211,8.82119e-05,8.82119e-05,2.1601e-211,8.82119e-05,8.82119e-05,2.1601e-211
-0.0632722,-0.0632722,0.127,,8.82113e-05,8.82115e-05,2.1601e-211,8.82113e-05,8.82115e-05,2.1601e-211,8.82113e-05,8.82115e-05,2.1601e-211,8.82113e-05,8.82115e-05,2.1601e-211
-0.0637722,-0.0637722,0.128,,8.8211e-05,8.8211e-05,2.16009e-211,8.8211e-05,8.8211e-05,2.16009e-211,8.8211e-05,8.8211e-05,2.16009e-211,8.8211e-05,8.8211e-05,2.16009e-211
-0.0642722,-0.0642722,0.129,,8.82106e-05,8.82106e-05,2.16009e-211,8.82106e-05,8.82106e-05,2.16009e-211,8.82106e-05,8.82106e-05,2.16009e-211,8.82106e-05,8.82106e-05,2.16009e-211
-0.0647722,-0.0647722,0.13,,8.82104e-05,8.82102e-05,2.16008e-211,8.82104e-05,8.82102e-05,2.16008e-211,8.82104e-05,8.82102e-05,2.16008e-211,8.82104e-05,8.82102e-05,2.16008e-211
-0.0652722,-0.0652722,0.131,,8.82101e-05,8.82099e-05,2.16008e-211,8.82101e-05,8.82099e-05,2.16008e-211,8.82101e-05,8.82099e-05,2.16008e-211,8.82101e-05,8.82099e-05,2.16008e-211
-0.0657722,-0.0657722,0.132,,8.82097e-05,8.82097e-05,2.16007e-211,8.82097e-05,8.82097e-05,2.16007e-211,8.82097e-05,8.82097e-05,2.16007e-211,8.82097e-05,8.82097e-05,2.16007e-211
-0.0662722,-0.0662722,0.133,,8.82094e-05,8.82094e-05,2.16007e-211,8.82094e-05,8.82094e-05,2.16007e-211,8.82094e-05,8.82094e-05,2.16007e-211,8.82094e-05,8.82094e-05,2.16007e-211
-0.0667722,-0.0667722,0.134,,8.82093e-05,8.82091e-05,2.16007e-211,8.82093e-05,8.82091e-05,2.16007e-211,8.82093e-05,8.82091e-05,2.16007e-211,8.82093e-05,8.82091e-05,2.16007e-211
-0.0672722,-0.0672722,0.135,,8.82091e-05,8.82089e-05,2.16006e-211,8.82091e-05,8.82089e-05,2.16006e-211,8.82091e-05,8.82089e-05,2.16006e-211,8.82091e-05,8.82089e-05,2.16006e-211
-0.0677722,-0.0677722,0.136,,8.82088e-05,8.82087e-05,2.16006e-211,8.82088e-05,8.82087e-05,2.16006e-211,8.82088e-05,8.82087e-05,2.16006e-211,8.82088e-05,8.82087e-05,2.16006e-211
-0.0682722,-0.0682722,0.137,,8.82086e-05,8.82086e-05,2.16006e-211,8.82086e-05,8.82086e-05,2.16006e-211,8.82086e-05,8.82086e-05,2.16006e-211,8.82086e-05,8.82086e-05,2.16006e-211
-0.0687722,-0.0687722,0.138,,8.82084e-05,8.82084e-05,2.16006e-211,8.82084e-05,8.82084e-05,2.16006e-211,8.82084e-05,8.82084e-05,2.16006e-211,8.82084e-05,8.82084e-05,2.16006e-211
-0.0692722,-0.0692722,0.139,,8.82083e-05,8.82083e-05,2.16005e-211,8.82083e-05,8.82083e-05,2.16005e-211,8.82083e-05,8.82083e-05,2.16005e-211,8.82083e-05,8.82083e-05,2.16005e-211
-0.0697722,-0.0697722,0.14,,8.82081e-05,8.82082e-05,2.16005e-211,8.82081e-05,8.82082e-05,2.16005e-211,8.82081e-05,8.82082e-05,2.16005e-211,8.82081e-05,8.82082e-05,2.16005e-211
-0.0702722,-0.0702722,0.141,,8.82079e-05,8.82081e-05,2.16005e-211,8.82079e-05,8.82081e-05,2.16005e-211,8.82079e-05,8.82081e-05,2.16005e-211,8.82079e-05,8.82081e-05,2.16005e-211
-0.0707722,-0.0707722,0.142,,8.82078e-05,8.8208e-05,2.16005e-211,8.82078e-05,8.8208e-05,2.16005e-211,8.82078e-05,8.8208e-05,2.16005e-211,8.82078e-05,8.8208e-05,2.16005e-211
-0.0712722,-0.0712722,0.143,,8.82077e-05,8.82079e-05,2.16005e-211,8.82077e-05,8.82079e-05,2.16005e-211,8.82077e-05,8.82079e-05,2.16005e-211,8.82077e-05,8.82079e-05,2.16005e-211
-0.0717722,-0.0717722,0.144,,8.82076e-05,8.82078e-05,2.16005e-211,8.82076e-05,8.82078e-05,2.16005e-211,8.82076e-05,8.82078e-05,2.16005e-211,8.82076e-05,8.82078e-05,2.16005e-211
-0.0722722,-0.0722722,0.145,,8.82075e-05,8.82077e-05,2.16004e-211,8.82075e-05,8.82077e-05,2.16004e-211,8.82075e-05,8.82077e-05,2.16004e-211,8.82075e-05,8.82077e-05,2.16004e-211
-0.0727722,-0.0727722,0.146,,8.82074e-05,8.82077e-05,2.16004e-211,8.82074e-05,8.82077e-05,2.16004e-211,8.82074e-05,8.82077e-05,2.16004e-211,8.82074e-05,8.82077e-05,2.16004e-211
-0.0732722,-0.0732722,0.147,,8.82073e-05,8.82076e-05,2.16004e-211,8.82073e-05,8.82076e-05,2.16004e-211,8.82073e-05,8.82076e-05,2.16004e-211,8.82073e-05,8.82076e-05,2.16004e-211
-0.0737722,-0.0737722,0.148,,8.82072e-05,8.82075e-05,2.16004e-211,8.82072e-05,8.82075e-05,2.16004e-211,8.82072e-05,8.82075e-05,2.16004e-211,8.82072e-05,8.82075e-05,2.16004e-211
-0.0742722,-0.0742722,0.149,,8.82071e-05,8.82075e-05,2.16004e-211,8.82071e-05,8.82075e-05,2.16004e-211,8.82071e-05,8.82075e-05,2.16004e-211,8.82071e-05,8.82075e-05,2.16004e-211
-0.0747722,-0.0747722,0.15,,8.82071e-05,8.82074e-05,2.16004e-211,8.82071e-05,8.82074e-05,2.16004e-211,8.82071e-05,8.82074e-05,2.16004e-211,8.82071e-05,8.82074e-05,2.16004e-211
-0.0752722,-0.0752722,0.151,,8.8207e-05,8.82074e-05,2.16004e-211,8.8207e-05,8.82074e-05,2.16004e-211,8.8207e-05,8.82074e-05,2.16004e-211,8.8207e-05,8.82074e-05,2.16004e-211
-0.0757722,-0.0757722,0.152,,8.8207e-05,8.82073e-05,2.16004e-211,8.8207e-05,8.82073e-05,2.16004e-211,8.8207e-05,8.82073e-05,2.16004e-211,8.8207e-05,8.82073e-05,2.16004e-211
-0.0762722,-0.0762722,0.153,,8.82069e-05,8.82073e-05,2.16004e-211,8.82069e-05,8.82073e-05,2.16004e-211,8.82069e-05,8.82073e-05,2.16004e-211,8.82069e-05,8.82073e-05,2.16004e-211
-0.0767722,-0.0767722,0.154,,8.82069e-05,8.82072e-05,2.16004e-211,8.82069e-05,8.82072e-05,2.16004e-211,8.82069e-05,8.82072e-05,2.16004e-211,8.82069e-05,8.82072e-05,2.16004e-211
-0.0772722,-0.0772722,0.155,,8.82069e-05,8.82072e-05,2.16004e-211,8.82069e-05,8.82072e-05,2.16004e-211,8.82069e-05,8.82072e-05,2.16004e-211,8.82069e-05,8.82072e-05,2.16004e-211
-0.0777722,-0.0777722,0.156,,8.82069e-05,8.82071e-05,2.16004e-211,8.82069e-05,8.82071e-05,2.16004e-211,8.82069e-05,8.82071e-05,2.16004e-211,8.82069e-05,8.82071e-05,2.16004e-211
-0.0782722,-0.0782722,0.157,,8.82068e-05,8.82071e-05,2.16004e-211,8.82068e-05,8.82071e-05,2.16004e-211,8.82068e-05,8.82071e-05,2.16004e-211,8.82068e-05,8.82071e-05,2.16004e-211
-0.0787722,-0.0787722,0.158,,8.82068e-05,8.82071e-05,2.16004e-211,8.82068e-05,8.82071e-05,2.16004e-211,8.82068e-05,8.82071e-05,2.16004e-211,8.82068e-05,8.82071e-05,2.16004e-211
-0.0792722,-0.0792722,0.159,,8.82068e-05,8.8207e-05,2.16003e-211,8.82068e-05,8.8207e-05,2.16003e-211,8.82068e-05,8.8207e-05,2.16003e-211,8.82068e-05,8.8207e-05,2.16003e-211
-0.0797722,-0.0797722,0.16,,8.82068e-05,8.8207e-05,2.16003e-211,8.82068e-05,8.8207e-05,2.16003e-211,8.82068e-05,8.8207e-05,2.16003e-211,8.82068e-05,8.8207e-05,2.16003e-211
-0.0802722,-0.0802722,0.161,,8.82067e-05,8.8207e-05,2.16003e-211,8.82067e-05,8.8207e-05,2.16003e-211,8.82067e-05,8.8207e-05,2.16003e-211,8.82067e-05,8.8207e-05,2.16003e-211
-0.0807722,-0.0807722,0.162,,8.82067e-05,8.8207e-05,2.16003e-211,8.82067e-05,8.8207e-05,2.16003e-211,8.82067e-05,8.8207e-05,2.16003e-211,8.82067e-05,8.8207e-05,2.16003e-211
-0.0812722,-0.0812722,0.163,,8.82067e-05,8.82069e-05,2.16003e-211,8.82067e-05,8.82069e-05,2.16003e-211,8.82067e-05,8.82069e-05,2.16003e-211,8.82067e-05,8.82069e-05,2.16003e-211
-0.0817722,-0.0817722,0.164,,8.82067e-05,8.82069e-05,2.16003e-211,8.82067e-05,8.82069e-05,2.16003e-211,8.82067e-05,8.82069e-05,2.16003e-211,8.82067e-05,8.82069e-05,2.16003e-211
-0.0822722,-0.0822722,0.165,,8.82067e-05,8.82069e-05,2.16003e-211,8.82067e-05,8.82069e-05,2.16003e-211,8.82067e-05,8.82069e-05,2.16003e-211,8.82067e-05,8.82069e-05,2.16003e-211
-0.0827722,-0.0827722,0.166,,8.82067e-05,8.82069e-05,2.16003e-211,8.82067e-05,8.82069e-05,2.16003e-211,8.82067e-05,8.82069e-05,2.16003e-211,8.82067e-05,8.82069e-05,2.16003e-211
-0.0832722,-0.0832722,0.167,,8.82067e-05,8.82069e-05,2.16003e-211,8.82067e-05,8.82069e-05,2.16003e-211,8.82067e-05,8.82069e-05,2.16003e-211,8.82067e-05,8.82069e-05,2.16003e-211
-0.0837722,-0.0837722,0.168,,8.82066e-05,8.82069e-05,2.16003e-211,8.82066e-05,8.82069e-05,2.16003e-211,8.82066e-05,8.82069e-05,2.16003e-211,8.82066e-05,8.82069e-05,2.16003e-211
-0.0842722,-0.0842722,0.169,,8.82066e-05,8.82068e-05,2.16003e-211,8.82066e-05,8.82068e-05,2.16003e-211,8.82066e-05,8.82068e-05,2.16003e-211,8.82066e-05,8.82068e-05,2.16003e-211
-0.0847722,-0.0847722,0.17,,8.82066e-05,8.82068e-05,2.16003e-211,8.82066e-05,8.82068e-05,2.16003e-211,8.82066e-05,8.82068e-05,2.16003e-211,8.82066e-05,8.82068e-05,2.16003e-211
-0.0852722,-0.0852722,0.171,,8.82066e-05,8.82068e-05,2.16003e-211,8.82066e-05,8.82068e-05,2.16003e-211,8.82066e-05,8.82068e-05,2.16003e-211,8.82066e-05,8.82068e-05,2.16003e-211
-0.0857722,-0.0857722,0.172,,8.82066e-05,8.82068e-05,2.16003e-211,8.82066e-05,8.82068e-05,2.16003e-211,8.82066e-05,8.82068e-05,2.16003e-211,8.82066e-05,8.82068e-05,2.16003e-211
-0.0862722,-0.0862722,0.173,,8.82066e-05,8.82068e-05,2.16003e-211,8.82066e-05,8.82068e-05,2.16003e-211,8.82066e-05,8.82068e-05,2.16003e-211,8.82066e-05,8.82068e-05,2.16003e-211
-0.0867722,-0.0867722,0.174,,8.82066e-05,8.82068e-05,2.16003e-211,8.82066e-05,8.82068e-05,2.16003e-211,8.82066e-05,8.82068e-05,2.16003e-211,8.82066e-05,8.82068e-05,2.16003e-211
-0.0872722,-0.0872722,0.175,,8.82066e-05,8.82068e-05,2.16003e-211,8.82066e-05,8.82068e-05,2.16003e-211,8.82066e-05,8.82068e-05,2.16003e-211,8.82066e-05,8.82068e-05,2.16003e-211
-0.0877722,-0.0877722,0.176,,8.82066e-05,8.82068e-05,2.16003e-211,8.82066e-05,8.82068e-05,2.16003e-211,8.82066e-05,8.82068e-05,2.16003e-211,8.82066e-05,8.82068e-05,2.16003e-211
-0.0882722,-0.0882722,0.177,,8.82066e-05,8.82068e-05,2.16003e-211,8.82066e-05,8.82068e-05,2.16003e-211,8.82066e-05,8.82068e-05,2.16003e-211,8.82066e-05,8.82068e-05,2.16003e-211
-0.0887722,-0.0887722,0.178,,8.82066e-05,8.82068e-05,2.16003e-211,8.82066e-05,8.82068e-05,2.16003e-211,8.82066e-05,8.82068e-05,2.16003e-211,8.82066e-05,8.82068e-05,2.16003e-211
-0.0892722,-0.0892722,0.179,,8.82066e-05,8.82068e-05,2.16003e-211,8.82066e-05,8.82068e-05,2.16003e-211,8.82066e-05,8.82068e-05,2.16003e-211,8.82066e-05,8.82068e-05,2.16003e-211
-0.0897722,-0.0897722,0.18,,8.82066e-05,8.82068e-05,2.16003e-211,8.82066e-05,8.82068e-05,2.16003e-211,8.82066e-05,8.82068e-05,2.16003e-211,8.82066e-05,8.82068e-05,2.16003e-211
-0.0902722,-0.0902722,0.181,,8.82066e-05,8.82068e-05,2.16003e-211,8.82066e-05,8.82068e-05,2.16003e-211,8.82066e-05,8.82068e-05,2.16003e-211,8.82066e-05,8.82068e-05,2.16003e-211
-0.0907722,-0.0907722,0.182,,8.82066e-05,8.82068e-05,2.16003e-211,8.82066e-05,8.82068e-05,2.16003e-211,8.82066e-05,8.82068e-05,2.16003e-211,8.82066e-05,8.82068e-05,2.16003e-211
-0.0912722,-0.0912722,0.183,,8.82066e-05,8.82068e-05,2.16003e-211,8.82066e-05,8.82068e-05,2.16003e-211,8.82066e-05,8.82068e-05,2.16003e-211,8.82066e-05,8.82068e-05,2.16003e-211
-0.0917722,-0.0917722,0.184,,8.82066e-05,8.82068e-05,2.16003e-211,8.82066e-05,8.82068e-05,2.16003e-211,8.82066e-05,8.82068e-05,2.16003e-211,8.82066e-05,8.82068e-05,2.16003e-211
-0.0922722,-0.0922722,0.185,,8.82066e-05,8.82068e-05,2.16003e-211,8.82066e-05,8.82068e-05,2.16003e-211,8.82066e-05,8.82068e-05,2.16003e-211,8.82066e-05,8.82068e-05,2.16003e-211
-0.0927722,-0.0927722,0.186,,8.82066e-05,8.82067e-05,2.16003e-211,8.82066e-05,8.82067e-05,2.16003e-211,8.82066e-05,8.82067e-05,2.16003e-211,8.82066e-05,8.82067e-05,2.16003e-211
-0.0932722,-0.0932722,0.187,,8.82066e-05,8.82067e-05,2.16003e-211,8.82066e-05,8.82067e-05,2.16003e-211,8.82066e-05,8.82067e-05,2.16003e-211,8.82066e-05,8.82067e-05,2.16003e-211
-0.0937722,-0.0937722,0.188,,8.82066e-05,8.82067e-05,2.16003e-211,8.82066e-05,8.82067e-05,2.16003e-211,8.82066e-05,8.82067e-05,2.16003e-211,8.82066e-05,8.82067e-05,2.16003e-211
-0.0942722,-0.0942722,0.189,,8.82066e-05,8.82067e-05,2.16003e-211,8.82066e-05,8.82067e-05,2.16003e-211,8.82066e-05,8.82067e-05,2.16003e-211,8.82066e-05,8.82067e-05,2.16003e-211
-0.0947722,-0.0947722,0.19,,8.82066e-05,8.82067e-05,2.16003e-211,8.82066e-05,8.82067e-05,2.16003e-211,8.82066e-05,8.82067e-05,2.16003e-211,8.82066e-05,8.82067e-05,2.16003e-211
-0.0952722,-0.0952722,0.191,,8.82066e-05,8.82067e-05,2.16003e-211,8.82066e-05,8.82067e-05,2.16003e-211,8.82066e-05,8.82067e-05,2.16003e-211,8.82066e-05,8.82067e-05,2.16003e-211
-0.0957722,-0.0957722,0.192,,8.82066e-05,8.82067e-05,2.16003e-211,8.82066e-05,8.82067e-05,2.16003e-211,8.82066e-05,8.82067e-05,2.16003e-211,8.82066e-05,8.82067e-05,2.16003e-211
-0.0962722,-0.0962722,0.193,,8.82066e-05,8.82067e-05,2.16003e-211,8.82066e-05,8.82067e-05,2.16003e-211,8.82066e-05,8.82067e-05,2.16003e-211,8.82066e-05,8.82067e-05,2.16003e-211
-0.0967722,-0.0967722,0.194,,8.82066e-05,8.82067e-05,2.16003e-211,8.82066e-05,8.82067e-05,2.16003e-211,8.82066e-05,8.82067e-05,2.16003e-211,8.82066e-05,8.82067e-05,2.16003e-211
-0.0972722,-0.0972722,0.195,,8.82066e-05,8.82067e-05,2.16003e-211,8.82066e-05,8.82067e-05,2.16003e-211,8.82066e-05,8.82067e-05,2.16003e-211,8.82066e-05,8.82067e-05,2.16003e-211
-0.0977722,-0.0977722,0.196,,8.82066e-05,8.82067e-05,2.16003e-211,8.82066e-05,8.82067e-05,2.16003e-211,8.82066e-05,8.82067e-05,2.16003e-211,8.82066e-05,8.82067e-05,2.16003e-211
-0.0982722,-0.0982722,0.197,,8.82066e-05,8.82067e-05,2.16003e-211,8.82066e-05,8.82067e-05,2.16003e-211,8.82066e-05,8.82067e-05,2.16003e-211,8.82066e-05,8.82067e-05,2.16003e-211
-0.0987722,-0.0987722,0.198,,8.82066e-05,8.82067e-05,2.16003e-211,8.82066e-05,8.82067e-05,2.16003e-211,8.82066e-05,8.82067e-05,2.16003e-211,8.82066e-05,8.82067e-05,2.16003e-211
-0.0992722,-0.0992722,0.199,,8.82066e-05,8.82067e-05,2.16003e-211,8.82066e-05,8.82067e-05,2.16003e-211,8.82066e-05,8.82067e-05,2.16003e-211,8.82066e-05,8.82067e-05,2.16003e-211
-0.0997722,-0.0997722,0.2,,8.82066e-05,8.82067e-05,2.16003e-211,8.82066e-05,8.82067e-05,2.16003e-211,8.82066e-05,8.82067e-05,2.16003e-211,8.82066e-05,8.82067e-05,2.16003e-211
