time,e11,e22,e33,tw0,tr0,tw1,tr1,tw2,tr2,tw3,tr3,tw4,tr4,tw5,tr5,tw6,tr6,tw7,tr7,tw8,tr8,tw9,tr9,tw10,tr10,tw11,tr11,
0,0,0,0,0,0,0,0,0,0,0,0,0,0,0,0,0,0,0,0,0,0,0,0,0,0,0,0
10001,-0.000488582,-0.000488582,0.0010001,1.76597e-05,8.59085e-07,1.76597e-05,8.59085e-07,2.75168e+158,0,1.76597e-05,8.59085e-07,1.76597e-05,8.59085e-07,2.75168e+158,0,1.76597e-05,8.59085e-07,1.76597e-05,8.59085e-07,2.75168e+158,0,1.76597e-05,8.59085e-07,1.76597e-05,8.59085e-07,2.75168e+158,0
20000,-0.000979607,-0.000979607,0.002,3.33883e-05,4.89764e-07,3.33883e-05,4.89764e-07,1.40359e+203,0,3.33883e-05,4.89764e-07,3.33883e-05,4.89764e-07,1.40359e+203,0,3.33883e-05,4.89764e-07,3.33883e-05,4.89764e-07,1.40359e+203,0,3.33883e-05,4.89764e-07,3.33883e-05,4.89764e-07,1.40359e+203,0
30001,-0.00147077,-0.00147077,0.0030001,4.86833e-05,3.45473e-07,4.86833e-05,3.45473e-07,1.40359e+203,0,4.86833e-05,3.45473e-07,4.86833e-05,3.45473e-07,1.40359e+203,0,4.86833e-05,3.45473e-07,4.86833e-05,3.45473e-07,1.40359e+203,0,4.86833e-05,3.45473e-07,4.86833e-05,3.45473e-07,1.40359e+203,0
40001,-0.00196197,-0.00196197,0.0040001,6.37008e-05,2.68363e-07,6.37008e-05,2.68363e-07,1.40359e+203,0,6.37008e-05,2.68363e-07,6.37008e-05,2.68363e-07,1.40359e+203,0,6.37008e-05,2.68363e-07,6.37008e-05,2.68363e-07,1.40359e+203,0,6.37008e-05,2.68363e-07,6.37008e-05,2.68363e-07,1.40359e+203,0
50000,-0.00245321,-0.00245321,0.005,7.84396e-05,2.20345e-07,7.84396e-05,2.20345e-07,1.40359e+203,0,7.84396e-05,2.20345e-07,7.84396e-05,2.20345e-07,1.40359e+203,0,7.84396e-05,2.20345e-07,7.84396e-05,2.20345e-07,1.40359e+203,0,7.84396e-05,2.20345e-07,7.84396e-05,2.20345e-07,1.40359e+203,0
60000,-0.00294463,-0.00294463,0.006,9.28714e-05,1.8758e-07,9.28714e-05,1.8758e-07,1.40359e+203,0,9.28714e-05,1.8758e-07,9.28714e-05,1.8758e-07,1.40359e+203,0,9.28714e-05,1.8758e-07,9.28714e-05,1.8758e-07,1.40359e+203,0,9.28714e-05,1.8758e-07,9.28714e-05,1.8758e-07,1.40359e+203,0
70000,-0.00343619,-0.00343619,0.007,0.000106957,1.63826e-07,0.000106957,1.63826e-07,1.40359e+203,0,0.000106957,1.63826e-07,0.000106957,1.63826e-07,1.40359e+203,0,0.000106957,1.63826e-07,0.000106957,1.63826e-07,1.40359e+203,0,0.000106957,1.63826e-07,0.000106957,1.63826e-07,1.40359e+203,0
80000,-0.00392792,-0.00392792,0.008,0.000120659,1.45843e-07,0.000120659,1.45843e-07,1.40359e+203,0,0.000120659,1.45843e-07,0.000120659,1.45843e-07,1.40359e+203,0,0.000120659,1.45843e-07,0.000120659,1.45843e-07,1.40359e+203,0,0.000120659,1.45843e-07,0.000120659,1.45843e-07,1.40359e+203,0
90000,-0.00441983,-0.00441983,0.009,0.000133944,1.31783e-07,0.000133944,1.31783e-07,1.40359e+203,0,0.000133944,1.31783e-07,0.000133944,1.31783e-07,1.40359e+203,0,0.000133944,1.31783e-07,0.000133944,1.31783e-07,1.40359e+203,0,0.000133944,1.31783e-07,0.000133944,1.31783e-07,1.40359e+203,0
100001,-0.00491199,-0.00491199,0.0100001,0.000146781,1.20511e-07,0.000146781,1.20511e-07,1.40359e+203,0,0.000146781,1.20511e-07,0.000146781,1.20511e-07,1.40359e+203,0,0.000146781,1.20511e-07,0.000146781,1.20511e-07,1.40359e+203,0,0.000146781,1.20511e-07,0.000146781,1.20511e-07,1.40359e+203,0
110001,-0.00540432,-0.00540432,0.0110001,0.000159143,1.11295e-07,0.000159143,1.11295e-07,1.40359e+203,0,0.000159143,1.11295e-07,0.000159143,1.11295e-07,1.40359e+203,0,0.000159143,1.11295e-07,0.000159143,1.11295e-07,1.40359e+203,0,0.000159143,1.11295e-07,0.000159143,1.11295e-07,1.40359e+203,0
120001,-0.00589688,-0.00589688,0.0120001,0.00017101,1.03638e-07,0.00017101,1.03638e-07,1.40359e+203,0,0.00017101,1.03638e-07,0.00017101,1.03638e-07,1.40359e+203,0,0.00017101,1.03638e-07,0.00017101,1.03638e-07,1.40359e+203,0,0.00017101,1.03638e-07,0.00017101,1.03638e-07,1.40359e+203,0
130001,-0.00638968,-0.00638968,0.0130001,0.000182367,9.71912e-08,0.000182367,9.71912e-08,1.40359e+203,0,0.000182367,9.71912e-08,0.000182367,9.71912e-08,1.40359e+203,0,0.000182367,9.71912e-08,0.000182367,9.71912e-08,1.40359e+203,0,0.000182367,9.71912e-08,0.000182367,9.71912e-08,1.40359e+203,0
140001,-0.00688274,-0.00688274,0.0140001,0.000193203,9.17037e-08,0.000193203,9.17037e-08,1.40359e+203,0,0.000193203,9.17037e-08,0.000193203,9.17037e-08,1.40359e+203,0,0.000193203,9.17037e-08,0.000193203,9.17037e-08,1.40359e+203,0,0.000193203,9.17037e-08,0.000193203,9.17037e-08,1.40359e+203,0
150001,-0.00737606,-0.00737606,0.0150001,0.000203511,8.69893e-08,0.000203511,8.69893e-08,1.40359e+203,0,0.000203511,8.69893e-08,0.000203511,8.69893e-08,1.40359e+203,0,0.000203511,8.69893e-08,0.000203511,8.69893e-08,1.40359e+203,0,0.000203511,8.69893e-08,0.000203511,8.69893e-08,1.40359e+203,0
160001,-0.00786964,-0.00786964,0.0160001,0.00021329,8.29069e-08,0.00021329,8.29069e-08,1.40359e+203,0,0.00021329,8.29069e-08,0.00021329,8.29069e-08,1.40359e+203,0,0.00021329,8.29069e-08,0.00021329,8.29069e-08,1.40359e+203,0,0.00021329,8.29069e-08,0.00021329,8.29069e-08,1.40359e+203,0
170001,-0.0083635,-0.0083635,0.0170001,0.000222543,7.9348e-08,0.000222543,7.9348e-08,1.40359e+203,0,0.000222543,7.9348e-08,0.000222543,7.9348e-08,1.40359e+203,0,0.000222543,7.9348e-08,0.000222543,7.9348e-08,1.40359e+203,0,0.000222543,7.9348e-08,0.000222543,7.9348e-08,1.40359e+203,0
180001,-0.00885763,-0.00885763,0.0180001,0.000231275,7.62275e-08,0.000231275,7.62275e-08,1.40359e+203,0,0.000231275,7.62275e-08,0.000231275,7.62275e-08,1.40359e+203,0,0.000231275,7.62275e-08,0.000231275,7.62275e-08,1.40359e+203,0,0.000231275,7.62275e-08,0.000231275,7.62275e-08,1.40359e+203,0
190001,-0.00935203,-0.00935203,0.0190001,0.000239496,7.34775e-08,0.000239496,7.34775e-08,1.40359e+203,0,0.000239496,7.34775e-08,0.000239496,7.34775e-08,1.40359e+203,0,0.000239496,7.34775e-08,0.000239496,7.34775e-08,1.40359e+203,0,0.000239496,7.34775e-08,0.000239496,7.34775e-08,1.40359e+203,0
200001,-0.00984671,-0.00984671,0.0200001,0.000247219,7.10435e-08,0.000247219,7.10435e-08,1.40359e+203,0,0.000247219,7.10435e-08,0.000247219,7.10435e-08,1.40359e+203,0,0.000247219,7.10435e-08,0.000247219,7.10435e-08,1.40359e+203,0,0.000247219,7.10435e-08,0.000247219,7.10435e-08,1.40359e+203,0
210001,-0.0103417,-0.0103417,0.0210001,0.000254459,6.88809e-08,0.000254459,6.88809e-08,1.40359e+203,0,0.000254459,6.88809e-08,0.000254459,6.88809e-08,1.40359e+203,0,0.000254459,6.88809e-08,0.000254459,6.88809e-08,1.40359e+203,0,0.000254459,6.88809e-08,0.000254459,6.88809e-08,1.40359e+203,0
220001,-0.0108369,-0.0108369,0.0220001,0.000261231,6.69531e-08,0.000261231,6.69531e-08,1.40359e+203,0,0.000261231,6.69531e-08,0.000261231,6.69531e-08,1.40359e+203,0,0.000261231,6.69531e-08,0.000261231,6.69531e-08,1.40359e+203,0,0.000261231,6.69531e-08,0.000261231,6.69531e-08,1.40359e+203,0
230001,-0.0113324,-0.0113324,0.0230001,0.000267555,6.52296e-08,0.000267555,6.52296e-08,1.40359e+203,0,0.000267555,6.52296e-08,0.000267555,6.52296e-08,1.40359e+203,0,0.000267555,6.52296e-08,0.000267555,6.52296e-08,1.40359e+203,0,0.000267555,6.52296e-08,0.000267555,6.52296e-08,1.40359e+203,0
240001,-0.0118281,-0.0118281,0.0240001,0.00027345,6.36848e-08,0.00027345,6.36848e-08,1.40359e+203,0,0.00027345,6.36848e-08,0.00027345,6.36848e-08,1.40359e+203,0,0.00027345,6.36848e-08,0.00027345,6.36848e-08,1.40359e+203,0,0.00027345,6.36848e-08,0.00027345,6.36848e-08,1.40359e+203,0
250001,-0.0123241,-0.0123241,0.0250001,0.000278936,6.2297e-08,0.000278936,6.2297e-08,1.40359e+203,0,0.000278936,6.2297e-08,0.000278936,6.2297e-08,1.40359e+203,0,0.000278936,6.2297e-08,0.000278936,6.2297e-08,1.40359e+203,0,0.000278936,6.2297e-08,0.000278936,6.2297e-08,1.40359e+203,0
260001,-0.0128203,-0.0128203,0.0260001,0.000284034,6.10478e-08,0.000284034,6.10478e-08,1.40359e+203,0,0.000284034,6.10478e-08,0.000284034,6.10478e-08,1.40359e+203,0,0.000284034,6.10478e-08,0.000284034,6.10478e-08,1.40359e+203,0,0.000284034,6.10478e-08,0.000284034,6.10478e-08,1.40359e+203,0
270001,-0.0133168,-0.0133168,0.0270001,0.000288764,5.99214e-08,0.000288764,5.99214e-08,1.40359e+203,0,0.000288764,5.99214e-08,0.000288764,5.99214e-08,1.40359e+203,0,0.000288764,5.99214e-08,0.000288764,5.99214e-08,1.40359e+203,0,0.000288764,5.99214e-08,0.000288764,5.99214e-08,1.40359e+203,0
280001,-0.0138135,-0.0138135,0.0280001,0.000293148,5.89041e-08,0.000293148,5.89041e-08,1.40359e+203,0,0.000293148,5.89041e-08,0.000293148,5.89041e-08,1.40359e+203,0,0.000293148,5.89041e-08,0.000293148,5.89041e-08,1.40359e+203,0,0.000293148,5.89041e-08,0.000293148,5.89041e-08,1.40359e+203,0
290001,-0.0143104,-0.0143104,0.0290001,0.000297206,5.7984e-08,0.000297206,5.7984e-08,1.40359e+203,0,0.000297206,5.7984e-08,0.000297206,5.7984e-08,1.40359e+203,0,0.000297206,5.7984e-08,0.000297206,5.7984e-08,1.40359e+203,0,0.000297206,5.7984e-08,0.000297206,5.7984e-08,1.40359e+203,0
300001,-0.0148075,-0.0148075,0.0300001,0.000300958,5.7151e-08,0.000300958,5.7151e-08,1.40359e+203,0,0.000300958,5.7151e-08,0.000300958,5.7151e-08,1.40359e+203,0,0.000300958,5.7151e-08,0.000300958,5.7151e-08,1.40359e+203,0,0.000300958,5.7151e-08,0.000300958,5.7151e-08,1.40359e+203,0
310001,-0.0153048,-0.0153048,0.0310001,0.000304425,5.63959e-08,0.000304425,5.63959e-08,1.40359e+203,0,0.000304425,5.63959e-08,0.000304425,5.63959e-08,1.40359e+203,0,0.000304425,5.63959e-08,0.000304425,5.63959e-08,1.40359e+203,0,0.000304425,5.63959e-08,0.000304425,5.63959e-08,1.40359e+203,0
320001,-0.0158023,-0.0158023,0.0320001,0.000307624,5.57108e-08,0.000307624,5.57108e-08,1.40359e+203,0,0.000307624,5.57108e-08,0.000307624,5.57108e-08,1.40359e+203,0,0.000307624,5.57108e-08,0.000307624,5.57108e-08,1.40359e+203,0,0.000307624,5.57108e-08,0.000307624,5.57108e-08,1.40359e+203,0
330001,-0.0162999,-0.0162999,0.0330001,0.000310575,5.50887e-08,0.000310575,5.50887e-08,1.40359e+203,0,0.000310575,5.50887e-08,0.000310575,5.50887e-08,1.40359e+203,0,0.000310575,5.50887e-08,0.000310575,5.50887e-08,1.40359e+203,0,0.000310575,5.50887e-08,0.000310575,5.50887e-08,1.40359e+203,0
340001,-0.0167978,-0.0167978,0.0340001,0.000313294,5.45233e-08,0.000313294,5.45233e-08,1.40359e+203,0,0.000313294,5.45233e-08,0.000313294,5.45233e-08,1.40359e+203,0,0.000313294,5.45233e-08,0.000313294,5.45233e-08,1.40359e+203,0,0.000313294,5.45233e-08,0.000313294,5.45233e-08,1.40359e+203,0
350001,-0.0172958,-0.0172958,0.0350001,0.000315798,5.40092e-08,0.000315798,5.40092e-08,1.40359e+203,0,0.000315798,5.40092e-08,0.000315798,5.40092e-08,1.40359e+203,0,0.000315798,5.40092e-08,0.000315798,5.40092e-08,1.40359e+203,0,0.000315798,5.40092e-08,0.000315798,5.40092e-08,1.40359e+203,0
360000,-0.0177938,-0.0177938,0.036,0.000318102,5.35414e-08,0.000318102,5.35414e-08,1.40359e+203,0,0.000318102,5.35414e-08,0.000318102,5.35414e-08,1.40359e+203,0,0.000318102,5.35414e-08,0.000318102,5.35414e-08,1.40359e+203,0,0.000318102,5.35414e-08,0.000318102,5.35414e-08,1.40359e+203,0
370000,-0.0182921,-0.0182921,0.037,0.000320221,5.31155e-08,0.000320221,5.31155e-08,1.40359e+203,0,0.000320221,5.31155e-08,0.000320221,5.31155e-08,1.40359e+203,0,0.000320221,5.31155e-08,0.000320221,5.31155e-08,1.40359e+203,0,0.000320221,5.31155e-08,0.000320221,5.31155e-08,1.40359e+203,0
380000,-0.0187905,-0.0187905,0.038,0.00032217,5.27275e-08,0.00032217,5.27275e-08,1.40359e+203,0,0.00032217,5.27275e-08,0.00032217,5.27275e-08,1.40359e+203,0,0.00032217,5.27275e-08,0.00032217,5.27275e-08,1.40359e+203,0,0.00032217,5.27275e-08,0.00032217,5.27275e-08,1.40359e+203,0
390000,-0.019289,-0.019289,0.039,0.000323961,5.2374e-08,0.000323961,5.2374e-08,1.40359e+203,0,0.000323961,5.2374e-08,0.000323961,5.2374e-08,1.40359e+203,0,0.000323961,5.2374e-08,0.000323961,5.2374e-08,1.40359e+203,0,0.000323961,5.2374e-08,0.000323961,5.2374e-08,1.40359e+203,0
400000,-0.0197877,-0.0197877,0.04,0.000325606,5.20518e-08,0.000325606,5.20518e-08,1.40359e+203,0,0.000325606,5.20518e-08,0.000325606,5.20518e-08,1.40359e+203,0,0.000325606,5.20518e-08,0.000325606,5.20518e-08,1.40359e+203,0,0.000325606,5.20518e-08,0.000325606,5.20518e-08,1.40359e+203,0
410000,-0.0202864,-0.0202864,0.041,0.000327116,5.17579e-08,0.000327116,5.17579e-08,1.40359e+203,0,0.000327116,5.17579e-08,0.000327116,5.17579e-08,1.40359e+203,0,0.000327116,5.17579e-08,0.000327116,5.17579e-08,1.40359e+203,0,0.000327116,5.17579e-08,0.000327116,5.17579e-08,1.40359e+203,0
420000,-0.0207853,-0.0207853,0.042,0.000328502,5.14898e-08,0.000328502,5.14898e-08,1.40359e+203,0,0.000328502,5.14898e-08,0.000328502,5.14898e-08,1.40359e+203,0,0.000328502,5.14898e-08,0.000328502,5.14898e-08,1.40359e+203,0,0.000328502,5.14898e-08,0.000328502,5.14898e-08,1.40359e+203,0
430000,-0.0212842,-0.0212842,0.043,0.000329774,5.12452e-08,0.000329774,5.12452e-08,1.40359e+203,0,0.000329774,5.12452e-08,0.000329774,5.12452e-08,1.40359e+203,0,0.000329774,5.12452e-08,0.000329774,5.12452e-08,1.40359e+203,0,0.000329774,5.12452e-08,0.000329774,5.12452e-08,1.40359e+203,0
440000,-0.0217832,-0.0217832,0.044,0.000330941,5.1022e-08,0.000330941,5.1022e-08,1.40359e+203,0,0.000330941,5.1022e-08,0.000330941,5.1022e-08,1.40359e+203,0,0.000330941,5.1022e-08,0.000330941,5.1022e-08,1.40359e+203,0,0.000330941,5.1022e-08,0.000330941,5.1022e-08,1.40359e+203,0
450000,-0.0222823,-0.0222823,0.045,0.000332012,5.08182e-08,0.000332012,5.08182e-08,1.40359e+203,0,0.000332012,5.08182e-08,0.000332012,5.08182e-08,1.40359e+203,0,0.000332012,5.08182e-08,0.000332012,5.08182e-08,1.40359e+203,0,0.000332012,5.08182e-08,0.000332012,5.08182e-08,1.40359e+203,0
460000,-0.0227815,-0.0227815,0.046,0.000332993,5.06321e-08,0.000332993,5.06321e-08,1.40359e+203,0,0.000332993,5.06321e-08,0.000332993,5.06321e-08,1.40359e+203,0,0.000332993,5.06321e-08,0.000332993,5.06321e-08,1.40359e+203,0,0.000332993,5.06321e-08,0.000332993,5.06321e-08,1.40359e+203,0
470000,-0.0232807,-0.0232807,0.047,0.000333893,5.04622e-08,0.000333893,5.04622e-08,1.40359e+203,0,0.000333893,5.04622e-08,0.000333893,5.04622e-08,1.40359e+203,0,0.000333893,5.04622e-08,0.000333893,5.04622e-08,1.40359e+203,0,0.000333893,5.04622e-08,0.000333893,5.04622e-08,1.40359e+203,0
480000,-0.02378,-0.02378,0.048,0.000334717,5.0307e-08,0.000334717,5.0307e-08,1.40359e+203,0,0.000334717,5.0307e-08,0.000334717,5.0307e-08,1.40359e+203,0,0.000334717,5.0307e-08,0.000334717,5.0307e-08,1.40359e+203,0,0.000334717,5.0307e-08,0.000334717,5.0307e-08,1.40359e+203,0
490000,-0.0242794,-0.0242794,0.049,0.000335473,5.01652e-08,0.000335473,5.01652e-08,1.40359e+203,0,0.000335473,5.01652e-08,0.000335473,5.01652e-08,1.40359e+203,0,0.000335473,5.01652e-08,0.000335473,5.01652e-08,1.40359e+203,0,0.000335473,5.01652e-08,0.000335473,5.01652e-08,1.40359e+203,0
500000,-0.0247788,-0.0247788,0.05,0.000336165,5.00357e-08,0.000336165,5.00357e-08,1.40359e+203,0,0.000336165,5.00357e-08,0.000336165,5.00357e-08,1.40359e+203,0,0.000336165,5.00357e-08,0.000336165,5.00357e-08,1.40359e+203,0,0.000336165,5.00357e-08,0.000336165,5.00357e-08,1.40359e+203,0
510000,-0.0252782,-0.0252782,0.051,0.0003368,4.99173e-08,0.0003368,4.99173e-08,1.40359e+203,0,0.0003368,4.99173e-08,0.0003368,4.99173e-08,1.40359e+203,0,0.0003368,4.99173e-08,0.0003368,4.99173e-08,1.40359e+203,0,0.0003368,4.99173e-08,0.0003368,4.99173e-08,1.40359e+203,0
520000,-0.0257777,-0.0257777,0.052,0.000337381,4.98091e-08,0.000337381,4.98091e-08,1.40359e+203,0,0.000337381,4.98091e-08,0.000337381,4.98091e-08,1.40359e+203,0,0.000337381,4.98091e-08,0.000337381,4.98091e-08,1.40359e+203,0,0.000337381,4.98091e-08,0.000337381,4.98091e-08,1.40359e+203,0
530000,-0.0262772,-0.0262772,0.053,0.000337913,4.97103e-08,0.000337913,4.97103e-08,1.40359e+203,0,0.000337913,4.97103e-08,0.000337913,4.97103e-08,1.40359e+203,0,0.000337913,4.97103e-08,0.000337913,4.97103e-08,1.40359e+203,0,0.000337913,4.97103e-08,0.000337913,4.97103e-08,1.40359e+203,0
540000,-0.0267768,-0.0267768,0.054,0.0003384,4.96199e-08,0.0003384,4.96199e-08,1.40359e+203,0,0.0003384,4.96199e-08,0.0003384,4.96199e-08,1.40359e+203,0,0.0003384,4.96199e-08,0.0003384,4.96199e-08,1.40359e+203,0,0.0003384,4.96199e-08,0.0003384,4.96199e-08,1.40359e+203,0
550000,-0.0272764,-0.0272764,0.055,0.000338846,4.95373e-08,0.000338846,4.95373e-08,1.40359e+203,0,0.000338846,4.95373e-08,0.000338846,4.95373e-08,1.40359e+203,0,0.000338846,4.95373e-08,0.000338846,4.95373e-08,1.40359e+203,0,0.000338846,4.95373e-08,0.000338846,4.95373e-08,1.40359e+203,0
560000,-0.0277761,-0.0277761,0.056,0.000339255,4.94618e-08,0.000339255,4.94618e-08,1.40359e+203,0,0.000339255,4.94618e-08,0.000339255,4.94618e-08,1.40359e+203,0,0.000339255,4.94618e-08,0.000339255,4.94618e-08,1.40359e+203,0,0.000339255,4.94618e-08,0.000339255,4.94618e-08,1.40359e+203,0
570000,-0.0282758,-0.0282758,0.057,0.000339629,4.93928e-08,0.000339629,4.93928e-08,1.40359e+203,0,0.000339629,4.93928e-08,0.000339629,4.93928e-08,1.40359e+203,0,0.000339629,4.93928e-08,0.000339629,4.93928e-08,1.40359e+203,0,0.000339629,4.93928e-08,0.000339629,4.93928e-08,1.40359e+203,0
580000,-0.0287755,-0.0287755,0.058,0.000339972,4.93297e-08,0.000339972,4.93297e-08,1.40359e+203,0,0.000339972,4.93297e-08,0.000339972,4.93297e-08,1.40359e+203,0,0.000339972,4.93297e-08,0.000339972,4.93297e-08,1.40359e+203,0,0.000339972,4.93297e-08,0.000339972,4.93297e-08,1.40359e+203,0
590000,-0.0292752,-0.0292752,0.059,0.000340285,4.9272e-08,0.000340285,4.9272e-08,1.40359e+203,0,0.000340285,4.9272e-08,0.000340285,4.9272e-08,1.40359e+203,0,0.000340285,4.9272e-08,0.000340285,4.9272e-08,1.40359e+203,0,0.000340285,4.9272e-08,0.000340285,4.9272e-08,1.40359e+203,0
600000,-0.0297749,-0.0297749,0.06,0.000340573,4.92192e-08,0.000340573,4.92192e-08,1.40359e+203,0,0.000340573,4.92192e-08,0.000340573,4.92192e-08,1.40359e+203,0,0.000340573,4.92192e-08,0.000340573,4.92192e-08,1.40359e+203,0,0.000340573,4.92192e-08,0.000340573,4.92192e-08,1.40359e+203,0
610000,-0.0302747,-0.0302747,0.061,0.000340835,4.9171e-08,0.000340835,4.9171e-08,1.40359e+203,0,0.000340835,4.9171e-08,0.000340835,4.9171e-08,1.40359e+203,0,0.000340835,4.9171e-08,0.000340835,4.9171e-08,1.40359e+203,0,0.000340835,4.9171e-08,0.000340835,4.9171e-08,1.40359e+203,0
620000,-0.0307745,-0.0307745,0.062,0.000341076,4.91269e-08,0.000341076,4.91269e-08,1.40359e+203,0,0.000341076,4.91269e-08,0.000341076,4.91269e-08,1.40359e+203,0,0.000341076,4.91269e-08,0.000341076,4.91269e-08,1.40359e+203,0,0.000341076,4.91269e-08,0.000341076,4.91269e-08,1.40359e+203,0
630000,-0.0312743,-0.0312743,0.063,0.000341296,4.90865e-08,0.000341296,4.90865e-08,1.40359e+203,0,0.000341296,4.90865e-08,0.000341296,4.90865e-08,1.40359e+203,0,0.000341296,4.90865e-08,0.000341296,4.90865e-08,1.40359e+203,0,0.000341296,4.90865e-08,0.000341296,4.90865e-08,1.40359e+203,0
640000,-0.0317741,-0.0317741,0.064,0.000341497,4.90496e-08,0.000341497,4.90496e-08,1.40359e+203,0,0.000341497,4.90496e-08,0.000341497,4.90496e-08,1.40359e+203,0,0.000341497,4.90496e-08,0.000341497,4.90496e-08,1.40359e+203,0,0.000341497,4.90496e-08,0.000341497,4.90496e-08,1.40359e+203,0
650000,-0.032274,-0.032274,0.065,0.000341682,4.90159e-08,0.000341682,4.90159e-08,1.40359e+203,0,0.000341682,4.90159e-08,0.000341682,4.90159e-08,1.40359e+203,0,0.000341682,4.90159e-08,0.000341682,4.90159e-08,1.40359e+203,0,0.000341682,4.90159e-08,0.000341682,4.90159e-08,1.40359e+203,0
660000,-0.0327738,-0.0327738,0.066,0.000341851,4.8985e-08,0.000341851,4.8985e-08,1.40359e+203,0,0.000341851,4.8985e-08,0.000341851,4.8985e-08,1.40359e+203,0,0.000341851,4.8985e-08,0.000341851,4.8985e-08,1.40359e+203,0,0.000341851,4.8985e-08,0.000341851,4.8985e-08,1.40359e+203,0
670000,-0.0332737,-0.0332737,0.067,0.000342005,4.89568e-08,0.000342005,4.89568e-08,1.40359e+203,0,0.000342005,4.89568e-08,0.000342005,4.89568e-08,1.40359e+203,0,0.000342005,4.89568e-08,0.000342005,4.89568e-08,1.40359e+203,0,0.000342005,4.89568e-08,0.000342005,4.89568e-08,1.40359e+203,0
680000,-0.0337736,-0.0337736,0.068,0.000342146,4.8931e-08,0.000342146,4.8931e-08,1.40359e+203,0,0.000342146,4.8931e-08,0.000342146,4.8931e-08,1.40359e+203,0,0.000342146,4.8931e-08,0.000342146,4.8931e-08,1.40359e+203,0,0.000342146,4.8931e-08,0.000342146,4.8931e-08,1.40359e+203,0
690000,-0.0342734,-0.0342734,0.069,0.000342276,4.89074e-08,0.000342276,4.89074e-08,1.40359e+203,0,0.000342276,4.89074e-08,0.000342276,4.89074e-08,1.40359e+203,0,0.000342276,4.89074e-08,0.000342276,4.89074e-08,1.40359e+203,0,0.000342276,4.89074e-08,0.000342276,4.89074e-08,1.40359e+203,0
700000,-0.0347733,-0.0347733,0.07,0.000342394,4.88858e-08,0.000342394,4.88858e-08,1.40359e+203,0,0.000342394,4.88858e-08,0.000342394,4.88858e-08,1.40359e+203,0,0.000342394,4.88858e-08,0.000342394,4.88858e-08,1.40359e+203,0,0.000342394,4.88858e-08,0.000342394,4.88858e-08,1.40359e+203,0
710000,-0.0352732,-0.0352732,0.071,0.000342502,4.8866e-08,0.000342502,4.8866e-08,1.40359e+203,0,0.000342502,4.8866e-08,0.000342502,4.8866e-08,1.40359e+203,0,0.000342502,4.8866e-08,0.000342502,4.8866e-08,1.40359e+203,0,0.000342502,4.8866e-08,0.000342502,4.8866e-08,1.40359e+203,0
720000,-0.0357732,-0.0357732,0.072,0.000342601,4.8848e-08,0.000342601,4.8848e-08,1.40359e+203,0,0.000342601,4.8848e-08,0.000342601,4.8848e-08,1.40359e+203,0,0.000342601,4.8848e-08,0.000342601,4.8848e-08,1.40359e+203,0,0.000342601,4.8848e-08,0.000342601,4.8848e-08,1.40359e+203,0
730000,-0.0362731,-0.0362731,0.073,0.000342692,4.88314e-08,0.000342692,4.88314e-08,1.40359e+203,0,0.000342692,4.88314e-08,0.000342692,4.88314e-08,1.40359e+203,0,0.000342692,4.88314e-08,0.000342692,4.88314e-08,1.40359e+203,0,0.000342692,4.88314e-08,0.000342692,4.88314e-08,1.40359e+203,0
740000,-0.036773,-0.036773,0.074,0.000342775,4.88163e-08,0.000342775,4.88163e-08,1.40359e+203,0,0.000342775,4.88163e-08,0.000342775,4.88163e-08,1.40359e+203,0,0.000342775,4.88163e-08,0.000342775,4.88163e-08,1.40359e+203,0,0.000342775,4.88163e-08,0.000342775,4.88163e-08,1.40359e+203,0
750000,-0.0372729,-0.0372729,0.075,0.000342851,4.88025e-08,0.000342851,4.88025e-08,1.40359e+203,0,0.000342851,4.88025e-08,0.000342851,4.88025e-08,1.40359e+203,0,0.000342851,4.88025e-08,0.000342851,4.88025e-08,1.40359e+203,0,0.000342851,4.88025e-08,0.000342851,4.88025e-08,1.40359e+203,0
760000,-0.0377729,-0.0377729,0.076,0.00034292,4.87898e-08,0.00034292,4.87898e-08,1.40359e+203,0,0.00034292,4.87898e-08,0.00034292,4.87898e-08,1.40359e+203,0,0.00034292,4.87898e-08,0.00034292,4.87898e-08,1.40359e+203,0,0.00034292,4.87898e-08,0.00034292,4.87898e-08,1.40359e+203,0
770000,-0.0382728,-0.0382728,0.077,0.000342984,4.87783e-08,0.000342984,4.87783e-08,1.40359e+203,0,0.000342984,4.87783e-08,0.000342984,4.87783e-08,1.40359e+203,0,0.000342984,4.87783e-08,0.000342984,4.87783e-08,1.40359e+203,0,0.000342984,4.87783e-08,0.000342984,4.87783e-08,1.40359e+203,0
780000,-0.0387728,-0.0387728,0.078,0.000343042,4.87677e-08,0.000343042,4.87677e-08,1.40359e+203,0,0.000343042,4.87677e-08,0.000343042,4.87677e-08,1.40359e+203,0,0.000343042,4.87677e-08,0.000343042,4.87677e-08,1.40359e+203,0,0.000343042,4.87677e-08,0.000343042,4.87677e-08,1.40359e+203,0
790000,-0.0392727,-0.0392727,0.079,0.000343095,4.8758e-08,0.000343095,4.8758e-08,1.40359e+203,0,0.000343095,4.8758e-08,0.000343095,4.8758e-08,1.40359e+203,0,0.000343095,4.8758e-08,0.000343095,4.8758e-08,1.40359e+203,0,0.000343095,4.8758e-08,0.000343095,4.8758e-08,1.40359e+203,0
800000,-0.0397727,-0.0397727,0.08,0.000343144,4.87492e-08,0.000343144,4.87492e-08,1.40359e+203,0,0.000343144,4.87492e-08,0.000343144,4.87492e-08,1.40359e+203,0,0.000343144,4.87492e-08,0.000343144,4.87492e-08,1.40359e+203,0,0.000343144,4.87492e-08,0.000343144,4.87492e-08,1.40359e+203,0
810000,-0.0402726,-0.0402726,0.081,0.000343189,4.8741e-08,0.000343189,4.8741e-08,1.40359e+203,0,0.000343189,4.8741e-08,0.000343189,4.8741e-08,1.40359e+203,0,0.000343189,4.8741e-08,0.000343189,4.8741e-08,1.40359e+203,0,0.000343189,4.8741e-08,0.000343189,4.8741e-08,1.40359e+203,0
820000,-0.0407726,-0.0407726,0.082,0.000343229,4.87336e-08,0.000343229,4.87336e-08,1.40359e+203,0,0.000343229,4.87336e-08,0.000343229,4.87336e-08,1.40359e+203,0,0.000343229,4.87336e-08,0.000343229,4.87336e-08,1.40359e+203,0,0.000343229,4.87336e-08,0.000343229,4.87336e-08,1.40359e+203,0
830000,-0.0412726,-0.0412726,0.083,0.000343267,4.87269e-08,0.000343267,4.87269e-08,1.40359e+203,0,0.000343267,4.87269e-08,0.000343267,4.87269e-08,1.40359e+203,0,0.000343267,4.87269e-08,0.000343267,4.87269e-08,1.40359e+203,0,0.000343267,4.87269e-08,0.000343267,4.87269e-08,1.40359e+203,0
840000,-0.0417725,-0.0417725,0.084,0.000343301,4.87207e-08,0.000343301,4.87207e-08,1.40359e+203,0,0.000343301,4.87207e-08,0.000343301,4.87207e-08,1.40359e+203,0,0.000343301,4.87207e-08,0.000343301,4.87207e-08,1.40359e+203,0,0.000343301,4.87207e-08,0.000343301,4.87207e-08,1.40359e+203,0
850000,-0.0422725,-0.0422725,0.085,0.000343332,4.8715e-08,0.000343332,4.8715e-08,1.40359e+203,0,0.000343332,4.8715e-08,0.000343332,4.8715e-08,1.40359e+203,0,0.000343332,4.8715e-08,0.000343332,4.8715e-08,1.40359e+203,0,0.000343332,4.8715e-08,0.000343332,4.8715e-08,1.40359e+203,0
860000,-0.0427725,-0.0427725,0.086,0.00034336,4.87098e-08,0.00034336,4.87098e-08,1.40359e+203,0,0.00034336,4.87098e-08,0.00034336,4.87098e-08,1.40359e+203,0,0.00034336,4.87098e-08,0.00034336,4.87098e-08,1.40359e+203,0,0.00034336,4.87098e-08,0.00034336,4.87098e-08,1.40359e+203,0
870000,-0.0432725,-0.0432725,0.087,0.000343387,4.8705e-08,0.000343387,4.8705e-08,1.40359e+203,0,0.000343387,4.8705e-08,0.000343387,4.8705e-08,1.40359e+203,0,0.000343387,4.8705e-08,0.000343387,4.8705e-08,1.40359e+203,0,0.000343387,4.8705e-08,0.000343387,4.8705e-08,1.40359e+203,0
880000,-0.0437724,-0.0437724,0.088,0.00034341,4.87007e-08,0.00034341,4.87007e-08,1.40359e+203,0,0.00034341,4.87007e-08,0.00034341,4.87007e-08,1.40359e+203,0,0.00034341,4.87007e-08,0.00034341,4.87007e-08,1.40359e+203,0,0.00034341,4.87007e-08,0.00034341,4.87007e-08,1.40359e+203,0
890000,-0.0442724,-0.0442724,0.089,0.000343432,4.86967e-08,0.000343432,4.86967e-08,1.40359e+203,0,0.000343432,4.86967e-08,0.000343432,4.86967e-08,1.40359e+203,0,0.000343432,4.86967e-08,0.000343432,4.86967e-08,1.40359e+203,0,0.000343432,4.86967e-08,0.000343432,4.86967e-08,1.40359e+203,0
900000,-0.0447724,-0.0447724,0.09,0.000343452,4.86931e-08,0.000343452,4.86931e-08,1.40359e+203,0,0.000343452,4.86931e-08,0.000343452,4.86931e-08,1.40359e+203,0,0.000343452,4.86931e-08,0.000343452,4.86931e-08,1.40359e+203,0,0.000343452,4.86931e-08,0.000343452,4.86931e-08,1.40359e+203,0
910000,-0.0452724,-0.0452724,0.091,0.000343471,4.86898e-08,0.000343471,4.86898e-08,1.40359e+203,0,0.000343471,4.86898e-08,0.000343471,4.86898e-08,1.40359e+203,0,0.000343471,4.86898e-08,0.000343471,4.86898e-08,1.40359e+203,0,0.000343471,4.86898e-08,0.000343471,4.86898e-08,1.40359e+203,0
920000,-0.0457724,-0.0457724,0.092,0.000343487,4.86867e-08,0.000343487,4.86867e-08,1.40359e+203,0,0.000343487,4.86867e-08,0.000343487,4.86867e-08,1.40359e+203,0,0.000343487,4.86867e-08,0.000343487,4.86867e-08,1.40359e+203,0,0.000343487,4.86867e-08,0.000343487,4.86867e-08,1.40359e+203,0
930000,-0.0462724,-0.0462724,0.093,0.000343503,4.86839e-08,0.000343503,4.86839e-08,1.40359e+203,0,0.000343503,4.86839e-08,0.000343503,4.86839e-08,1.40359e+203,0,0.000343503,4.86839e-08,0.000343503,4.86839e-08,1.40359e+203,0,0.000343503,4.86839e-08,0.000343503,4.86839e-08,1.40359e+203,0
940000,-0.0467723,-0.0467723,0.094,0.000343517,4.86814e-08,0.000343517,4.86814e-08,1.40359e+203,0,0.000343517,4.86814e-08,0.000343517,4.86814e-08,1.40359e+203,0,0.000343517,4.86814e-08,0.000343517,4.86814e-08,1.40359e+203,0,0.000343517,4.86814e-08,0.000343517,4.86814e-08,1.40359e+203,0
950000,-0.0472723,-0.0472723,0.095,0.00034353,4.86791e-08,0.00034353,4.86791e-08,1.40359e+203,0,0.00034353,4.86791e-08,0.00034353,4.86791e-08,1.40359e+203,0,0.00034353,4.86791e-08,0.00034353,4.86791e-08,1.40359e+203,0,0.00034353,4.86791e-08,0.00034353,4.86791e-08,1.40359e+203,0
960000,-0.0477723,-0.0477723,0.096,0.000343541,4.86769e-08,0.000343541,4.86769e-08,1.40359e+203,0,0.000343541,4.86769e-08,0.000343541,4.86769e-08,1.40359e+203,0,0.000343541,4.86769e-08,0.000343541,4.86769e-08,1.40359e+203,0,0.000343541,4.86769e-08,0.000343541,4.86769e-08,1.40359e+203,0
970000,-0.0482723,-0.0482723,0.097,0.000343552,4.8675e-08,0.000343552,4.8675e-08,1.40359e+203,0,0.000343552,4.8675e-08,0.000343552,4.8675e-08,1.40359e+203,0,0.000343552,4.8675e-08,0.000343552,4.8675e-08,1.40359e+203,0,0.000343552,4.8675e-08,0.000343552,4.8675e-08,1.40359e+203,0
980000,-0.0487723,-0.0487723,0.098,0.000343562,4.86732e-08,0.000343562,4.86732e-08,1.40359e+203,0,0.000343562,4.86732e-08,0.000343562,4.86732e-08,1.40359e+203,0,0.000343562,4.86732e-08,0.000343562,4.86732e-08,1.40359e+203,0,0.000343562,4.86732e-08,0.000343562,4.86732e-08,1.40359e+203,0
990000,-0.0492723,-0.0492723,0.099,0.000343571,4.86716e-08,0.000343571,4.86716e-08,1.40359e+203,0,0.000343571,4.86716e-08,0.000343571,4.86716e-08,1.40359e+203,0,0.000343571,4.86716e-08,0.000343571,4.86716e-08,1.40359e+203,0,0.000343571,4.86716e-08,0.000343571,4.86716e-08,1.40359e+203,0
1e+06,-0.0497723,-0.0497723,0.1,0.000343579,4.86701e-08,0.000343579,4.86701e-08,1.40359e+203,0,0.000343579,4.86701e-08,0.000343579,4.86701e-08,1.40359e+203,0,0.000343579,4.86701e-08,0.000343579,4.86701e-08,1.40359e+203,0,0.000343579,4.86701e-08,0.000343579,4.86701e-08,1.40359e+203,0
1.01e+06,-0.0502723,-0.0502723,0.101,0.000343587,4.86687e-08,0.000343587,4.86687e-08,1.40359e+203,0,0.000343587,4.86687e-08,0.000343587,4.86687e-08,1.40359e+203,0,0.000343587,4.86687e-08,0.000343587,4.86687e-08,1.40359e+203,0,0.000343587,4.86687e-08,0.000343587,4.86687e-08,1.40359e+203,0
1.02e+06,-0.0507723,-0.0507723,0.102,0.000343593,4.86675e-08,0.000343593,4.86675e-08,1.40359e+203,0,0.000343593,4.86675e-08,0.000343593,4.86675e-08,1.40359e+203,0,0.000343593,4.86675e-08,0.000343593,4.86675e-08,1.40359e+203,0,0.000343593,4.86675e-08,0.000343593,4.86675e-08,1.40359e+203,0
1.03e+06,-0.0512723,-0.0512723,0.103,0.0003436,4.86663e-08,0.0003436,4.86663e-08,1.40359e+203,0,0.0003436,4.86663e-08,0.0003436,4.86663e-08,1.40359e+203,0,0.0003436,4.86663e-08,0.0003436,4.86663e-08,1.40359e+203,0,0.0003436,4.86663e-08,0.0003436,4.86663e-08,1.40359e+203,0
1.04e+06,-0.0517723,-0.0517723,0.104,0.000343605,4.86653e-08,0.000343605,4.86653e-08,1.40359e+203,0,0.000343605,4.86653e-08,0.000343605,4.86653e-08,1.40359e+203,0,0.000343605,4.86653e-08,0.000343605,4.86653e-08,1.40359e+203,0,0.000343605,4.86653e-08,0.000343605,4.86653e-08,1.40359e+203,0
1.05e+06,-0.0522723,-0.0522723,0.105,0.000343611,4.86643e-08,0.000343611,4.86643e-08,1.40359e+203,0,0.000343611,4.86643e-08,0.000343611,4.86643e-08,1.40359e+203,0,0.000343611,4.86643e-08,0.000343611,4.86643e-08,1.40359e+203,0,0.000343611,4.86643e-08,0.000343611,4.86643e-08,1.40359e+203,0
1.06e+06,-0.0527723,-0.0527723,0.106,0.000343616,4.86634e-08,0.000343616,4.86634e-08,1.40359e+203,0,0.000343616,4.86634e-08,0.000343616,4.86634e-08,1.40359e+203,0,0.000343616,4.86634e-08,0.000343616,4.86634e-08,1.40359e+203,0,0.000343616,4.86634e-08,0.000343616,4.86634e-08,1.40359e+203,0
1.07e+06,-0.0532723,-0.0532723,0.107,0.00034362,4.86626e-08,0.00034362,4.86626e-08,1.40359e+203,0,0.00034362,4.86626e-08,0.00034362,4.86626e-08,1.40359e+203,0,0.00034362,4.86626e-08,0.00034362,4.86626e-08,1.40359e+203,0,0.00034362,4.86626e-08,0.00034362,4.86626e-08,1.40359e+203,0
1.08e+06,-0.0537722,-0.0537722,0.108,0.000343624,4.86619e-08,0.000343624,4.86619e-08,1.40359e+203,0,0.000343624,4.86619e-08,0.000343624,4.86619e-08,1.40359e+203,0,0.000343624,4.86619e-08,0.000343624,4.86619e-08,1.40359e+203,0,0.000343624,4.86619e-08,0.000343624,4.86619e-08,1.40359e+203,0
1.09e+06,-0.0542722,-0.0542722,0.109,0.000343628,4.86612e-08,0.000343628,4.86612e-08,1.40359e+203,0,0.000343628,4.86612e-08,0.000343628,4.86612e-08,1.40359e+203,0,0.000343628,4.86612e-08,0.000343628,4.86612e-08,1.40359e+203,0,0.000343628,4.86612e-08,0.000343628,4.86612e-08,1.40359e+203,0
1.1e+06,-0.0547722,-0.0547722,0.11,0.000343631,4.86606e-08,0.000343631,4.86606e-08,1.40359e+203,0,0.000343631,4.86606e-08,0.000343631,4.86606e-08,1.40359e+203,0,0.000343631,4.86606e-08,0.000343631,4.86606e-08,1.40359e+203,0,0.000343631,4.86606e-08,0.000343631,4.86606e-08,1.40359e+203,0
1.11e+06,-0.0552722,-0.0552722,0.111,0.000343634,4.86601e-08,0.000343634,4.86601e-08,1.40359e+203,0,0.000343634,4.86601e-08,0.000343634,4.86601e-08,1.40359e+203,0,0.000343634,4.86601e-08,0.000343634,4.86601e-08,1.40359e+203,0,0.000343634,4.86601e-08,0.000343634,4.86601e-08,1.40359e+203,0
1.12e+06,-0.0557722,-0.0557722,0.112,0.000343637,4.86595e-08,0.000343637,4.86595e-08,1.40359e+203,0,0.000343637,4.86595e-08,0.000343637,4.86595e-08,1.40359e+203,0,0.000343637,4.86595e-08,0.000343637,4.86595e-08,1.40359e+203,0,0.000343637,4.86595e-08,0.000343637,4.86595e-08,1.40359e+203,0
1.13e+06,-0.0562722,-0.0562722,0.113,0.00034364,4.86591e-08,0.00034364,4.86591e-08,1.40359e+203,0,0.00034364,4.86591e-08,0.00034364,4.86591e-08,1.40359e+203,0,0.00034364,4.86591e-08,0.00034364,4.86591e-08,1.40359e+203,0,0.00034364,4.86591e-08,0.00034364,4.86591e-08,1.40359e+203,0
1.14e+06,-0.0567722,-0.0567722,0.114,0.000343642,4.86586e-08,0.000343642,4.86586e-08,1.40359e+203,0,0.000343642,4.86586e-08,0.000343642,4.86586e-08,1.40359e+203,0,0.000343642,4.86586e-08,0.000343642,4.86586e-08,1.40359e+203,0,0.000343642,4.86586e-08,0.000343642,4.86586e-08,1.40359e+203,0
1.15e+06,-0.0572722,-0.0572722,0.115,0.000343644,4.86583e-08,0.000343644,4.86583e-08,1.40359e+203,0,0.000343644,4.86583e-08,0.000343644,4.86583e-08,1.40359e+203,0,0.000343644,4.86583e-08,0.000343644,4.86583e-08,1.40359e+203,0,0.000343644,4.86583e-08,0.000343644,4.86583e-08,1.40359e+203,0
1.16e+06,-0.0577722,-0.0577722,0.116,0.000343646,4.86579e-08,0.000343646,4.86579e-08,1.40359e+203,0,0.000343646,4.86579e-08,0.000343646,4.86579e-08,1.40359e+203,0,0.000343646,4.86579e-08,0.000343646,4.86579e-08,1.40359e+203,0,0.000343646,4.86579e-08,0.000343646,4.86579e-08,1.40359e+203,0
1.17e+06,-0.0582722,-0.0582722,0.117,0.000343648,4.86576e-08,0.000343648,4.86576e-08,1.40359e+203,0,0.000343648,4.86576e-08,0.000343648,4.86576e-08,1.40359e+203,0,0.000343648,4.86576e-08,0.000343648,4.86576e-08,1.40359e+203,0,0.000343648,4.86576e-08,0.000343648,4.86576e-08,1.40359e+203,0
1.18e+06,-0.0587722,-0.0587722,0.118,0.000343649,4.86573e-08,0.00034365,4.86573e-08,1.40359e+203,0,0.000343649,4.86573e-08,0.00034365,4.86573e-08,1.40359e+203,0,0.000343649,4.86573e-08,0.00034365,4.86573e-08,1.40359e+203,0,0.000343649,4.86573e-08,0.00034365,4.86573e-08,1.40359e+203,0
1.19e+06,-0.0592722,-0.0592722,0.119,0.000343651,4.8657e-08,0.000343651,4.8657e-08,1.40359e+203,0,0.000343651,4.8657e-08,0.000343651,4.8657e-08,1.40359e+203,0,0.000343651,4.8657e-08,0.000343651,4.8657e-08,1.40359e+203,0,0.000343651,4.8657e-08,0.000343651,4.8657e-08,1.40359e+203,0
1.2e+06,-0.0597722,-0.0597722,0.12,0.000343652,4.86567e-08,0.000343652,4.86567e-08,1.40359e+203,0,0.000343652,4.86567e-08,0.000343652,4.86567e-08,1.40359e+203,0,0.000343652,4.86567e-08,0.000343652,4.86567e-08,1.40359e+203,0,0.000343652,4.86567e-08,0.000343652,4.86567e-08,1.40359e+203,0
1.21e+06,-0.0602722,-0.0602722,0.121,0.000343654,4.86565e-08,0.000343654,4.86565e-08,1.40359e+203,0,0.000343654,4.86565e-08,0.000343654,4.86565e-08,1.40359e+203,0,0.000343654,4.86565e-08,0.000343654,4.86565e-08,1.40359e+203,0,0.000343654,4.86565e-08,0.000343654,4.86565e-08,1.40359e+203,0
1.22e+06,-0.0607722,-0.0607722,0.122,0.000343655,4.86563e-08,0.000343655,4.86563e-08,1.40359e+203,0,0.000343655,4.86563e-08,0.000343655,4.86563e-08,1.40359e+203,0,0.000343655,4.86563e-08,0.000343655,4.86563e-08,1.40359e+203,0,0.000343655,4.86563e-08,0.000343655,4.86563e-08,1.40359e+203,0
1.23e+06,-0.0612722,-0.0612722,0.123,0.000343656,4.86561e-08,0.000343656,4.86561e-08,1.40359e+203,0,0.000343656,4.86561e-08,0.000343656,4.86561e-08,1.40359e+203,0,0.000343656,4.86561e-08,0.000343656,4.86561e-08,1.40359e+203,0,0.000343656,4.86561e-08,0.000343656,4.86561e-08,1.40359e+203,0
1.24e+06,-0.0617722,-0.0617722,0.124,0.000343657,4.86559e-08,0.000343657,4.86559e-08,1.40359e+203,0,0.000343657,4.86559e-08,0.000343657,4.86559e-08,1.40359e+203,0,0.000343657,4.86559e-08,0.000343657,4.86559e-08,1.40359e+203,0,0.000343657,4.86559e-08,0.000343657,4.86559e-08,1.40359e+203,0
1.25e+06,-0.0622722,-0.0622722,0.125,0.000343658,4.86558e-08,0.000343658,4.86558e-08,1.40359e+203,0,0.000343658,4.86558e-08,0.000343658,4.86558e-08,1.40359e+203,0,0.000343658,4.86558e-08,0.000343658,4.86558e-08,1.40359e+203,0,0.000343658,4.86558e-08,0.000343658,4.86558e-08,1.40359e+203,0
1.26e+06,-0.0627722,-0.0627722,0.126,0.000343659,4.86556e-08,0.000343659,4.86556e-08,1.40359e+203,0,0.000343659,4.86556e-08,0.000343659,4.86556e-08,1.40359e+203,0,0.000343659,4.86556e-08,0.000343659,4.86556e-08,1.40359e+203,0,0.000343659,4.86556e-08,0.000343659,4.86556e-08,1.40359e+203,0
1.27e+06,-0.0632722,-0.0632722,0.127,0.00034366,4.86555e-08,0.000343659,4.86555e-08,1.40359e+203,0,0.00034366,4.86555e-08,0.000343659,4.86555e-08,1.40359e+203,0,0.00034366,4.86555e-08,0.000343659,4.86555e-08,1.40359e+203,0,0.00034366,4.86555e-08,0.000343659,4.86555e-08,1.40359e+203,0
1.28e+06,-0.0637722,-0.0637722,0.128,0.00034366,4.86554e-08,0.00034366,4.86554e-08,1.40359e+203,0,0.00034366,4.86554e-08,0.00034366,4.86554e-08,1.40359e+203,0,0.00034366,4.86554e-08,0.00034366,4.86554e-08,1.40359e+203,0,0.00034366,4.86554e-08,0.00034366,4.86554e-08,1.40359e+203,0
1.29e+06,-0.0642722,-0.0642722,0.129,0.000343661,4.86552e-08,0.000343661,4.86552e-08,1.40359e+203,0,0.000343661,4.86552e-08,0.000343661,4.86552e-08,1.40359e+203,0,0.000343661,4.86552e-08,0.000343661,4.86552e-08,1.40359e+203,0,0.000343661,4.86552e-08,0.000343661,4.86552e-08,1.40359e+203,0
1.3e+06,-0.0647722,-0.0647722,0.13,0.000343661,4.86551e-08,0.000343662,4.86551e-08,1.40359e+203,0,0.000343661,4.86551e-08,0.000343662,4.86551e-08,1.40359e+203,0,0.000343661,4.86551e-08,0.000343662,4.86551e-08,1.40359e+203,0,0.000343661,4.86551e-08,0.000343662,4.86551e-08,1.40359e+203,0
1.31e+06,-0.0652722,-0.0652722,0.131,0.000343661,4.8655e-08,0.000343662,4.86551e-08,1.40359e+203,0,0.000343661,4.8655e-08,0.000343662,4.86551e-08,1.40359e+203,0,0.000343661,4.8655e-08,0.000343662,4.86551e-08,1.40359e+203,0,0.000343661,4.8655e-08,0.000343662,4.86551e-08,1.40359e+203,0
1.32e+06,-0.0657722,-0.0657722,0.132,0.000343662,4.8655e-08,0.000343662,4.8655e-08,1.40359e+203,0,0.000343662,4.8655e-08,0.000343662,4.8655e-08,1.40359e+203,0,0.000343662,4.8655e-08,0.000343662,4.8655e-08,1.40359e+203,0,0.000343662,4.8655e-08,0.000343662,4.8655e-08,1.40359e+203,0
1.33e+06,-0.0662722,-0.0662722,0.133,0.000343663,4.86549e-08,0.000343663,4.86549e-08,1.40359e+203,0,0.000343663,4.86549e-08,0.000343663,4.86549e-08,1.40359e+203,0,0.000343663,4.86549e-08,0.000343663,4.86549e-08,1.40359e+203,0,0.000343663,4.86549e-08,0.000343663,4.86549e-08,1.40359e+203,0
1.34e+06,-0.0667722,-0.0667722,0.134,0.000343663,4.86548e-08,0.000343663,4.86548e-08,1.40359e+203,0,0.000343663,4.86548e-08,0.000343663,4.86548e-08,1.40359e+203,0,0.000343663,4.86548e-08,0.000343663,4.86548e-08,1.40359e+203,0,0.000343663,4.86548e-08,0.000343663,4.86548e-08,1.40359e+203,0
1.35e+06,-0.0672722,-0.0672722,0.135,0.000343663,4.86547e-08,0.000343664,4.86547e-08,1.40359e+203,0,0.000343663,4.86547e-08,0.000343664,4.86547e-08,1.40359e+203,0,0.000343663,4.86547e-08,0.000343664,4.86547e-08,1.40359e+203,0,0.000343663,4.86547e-08,0.000343664,4.86547e-08,1.40359e+203,0
1.36e+06,-0.0677722,-0.0677722,0.136,0.000343664,4.86547e-08,0.000343664,4.86547e-08,1.40359e+203,0,0.000343664,4.86547e-08,0.000343664,4.86547e-08,1.40359e+203,0,0.000343664,4.86547e-08,0.000343664,4.86547e-08,1.40359e+203,0,0.000343664,4.86547e-08,0.000343664,4.86547e-08,1.40359e+203,0
1.37e+06,-0.0682722,-0.0682722,0.137,0.000343664,4.86546e-08,0.000343664,4.86546e-08,1.40359e+203,0,0.000343664,4.86546e-08,0.000343664,4.86546e-08,1.40359e+203,0,0.000343664,4.86546e-08,0.000343664,4.86546e-08,1.40359e+203,0,0.000343664,4.86546e-08,0.000343664,4.86546e-08,1.40359e+203,0
1.38e+06,-0.0687722,-0.0687722,0.138,0.000343664,4.86546e-08,0.000343664,4.86546e-08,1.40359e+203,0,0.000343664,4.86546e-08,0.000343664,4.86546e-08,1.40359e+203,0,0.000343664,4.86546e-08,0.000343664,4.86546e-08,1.40359e+203,0,0.000343664,4.86546e-08,0.000343664,4.86546e-08,1.40359e+203,0
1.39e+06,-0.0692722,-0.0692722,0.139,0.000343665,4.86545e-08,0.000343665,4.86545e-08,1.40359e+203,0,0.000343665,4.86545e-08,0.000343665,4.86545e-08,1.40359e+203,0,0.000343665,4.86545e-08,0.000343665,4.86545e-08,1.40359e+203,0,0.000343665,4.86545e-08,0.000343665,4.86545e-08,1.40359e+203,0
1.4e+06,-0.0697722,-0.0697722,0.14,0.000343665,4.86545e-08,0.000343665,4.86545e-08,1.40359e+203,0,0.000343665,4.86545e-08,0.000343665,4.86545e-08,1.40359e+203,0,0.000343665,4.86545e-08,0.000343665,4.86545e-08,1.40359e+203,0,0.000343665,4.86545e-08,0.000343665,4.86545e-08,1.40359e+203,0
1.41e+06,-0.0702722,-0.0702722,0.141,0.000343665,4.86545e-08,0.000343665,4.86544e-08,1.40359e+203,0,0.000343665,4.86545e-08,0.000343665,4.86544e-08,1.40359e+203,0,0.000343665,4.86545e-08,0.000343665,4.86544e-08,1.40359e+203,0,0.000343665,4.86545e-08,0.000343665,4.86544e-08,1.40359e+203,0
1.42e+06,-0.0707722,-0.0707722,0.142,0.000343666,4.86544e-08,0.000343665,4.86544e-08,1.40359e+203,0,0.000343666,4.86544e-08,0.000343665,4.86544e-08,1.40359e+203,0,0.000343666,4.86544e-08,0.000343665,4.86544e-08,1.40359e+203,0,0.000343666,4.86544e-08,0.000343665,4.86544e-08,1.40359e+203,0
1.43e+06,-0.0712722,-0.0712722,0.143,0.000343666,4.86544e-08,0.000343665,4.86544e-08,1.40359e+203,0,0.000343666,4.86544e-08,0.000343665,4.86544e-08,1.40359e+203,0,0.000343666,4.86544e-08,0.000343665,4.86544e-08,1.40359e+203,0,0.000343666,4.86544e-08,0.000343665,4.86544e-08,1.40359e+203,0
1.44e+06,-0.0717722,-0.0717722,0.144,0.000343666,4.86544e-08,0.000343665,4.86544e-08,1.40359e+203,0,0.000343666,4.86544e-08,0.000343665,4.86544e-08,1.40359e+203,0,0.000343666,4.86544e-08,0.000343665,4.86544e-08,1.40359e+203,0,0.000343666,4.86544e-08,0.000343665,4.86544e-08,1.40359e+203,0
1.45e+06,-0.0722722,-0.0722722,0.145,0.000343666,4.86543e-08,0.000343665,4.86543e-08,1.40359e+203,0,0.000343666,4.86543e-08,0.000343665,4.86543e-08,1.40359e+203,0,0.000343666,4.86543e-08,0.000343665,4.86543e-08,1.40359e+203,0,0.000343666,4.86543e-08,0.000343665,4.86543e-08,1.40359e+203,0
1.46e+06,-0.0727722,-0.0727722,0.146,0.000343666,4.86543e-08,0.000343665,4.86543e-08,1.40359e+203,0,0.000343666,4.86543e-08,0.000343665,4.86543e-08,1.40359e+203,0,0.000343666,4.86543e-08,0.000343665,4.86543e-08,1.40359e+203,0,0.000343666,4.86543e-08,0.000343665,4.86543e-08,1.40359e+203,0
1.47e+06,-0.0732722,-0.0732722,0.147,0.000343667,4.86543e-08,0.000343665,4.86543e-08,1.40359e+203,0,0.000343667,4.86543e-08,0.000343665,4.86543e-08,1.40359e+203,0,0.000343667,4.86543e-08,0.000343665,4.86543e-08,1.40359e+203,0,0.000343667,4.86543e-08,0.000343665,4.86543e-08,1.40359e+203,0
1.48e+06,-0.0737722,-0.0737722,0.148,0.000343667,4.86543e-08,0.000343665,4.86543e-08,1.40359e+203,0,0.000343667,4.86543e-08,0.000343665,4.86543e-08,1.40359e+203,0,0.000343667,4.86543e-08,0.000343665,4.86543e-08,1.40359e+203,0,0.000343667,4.86543e-08,0.000343665,4.86543e-08,1.40359e+203,0
1.49e+06,-0.0742722,-0.0742722,0.149,0.000343667,4.86542e-08,0.000343666,4.86542e-08,1.40359e+203,0,0.000343667,4.86542e-08,0.000343666,4.86542e-08,1.40359e+203,0,0.000343667,4.86542e-08,0.000343666,4.86542e-08,1.40359e+203,0,0.000343667,4.86542e-08,0.000343666,4.86542e-08,1.40359e+203,0
1.5e+06,-0.0747722,-0.0747722,0.15,0.000343667,4.86542e-08,0.000343666,4.86542e-08,1.40359e+203,0,0.000343667,4.86542e-08,0.000343666,4.86542e-08,1.40359e+203,0,0.000343667,4.86542e-08,0.000343666,4.86542e-08,1.40359e+203,0,0.000343667,4.86542e-08,0.000343666,4.86542e-08,1.40359e+203,0
1.51e+06,-0.0752722,-0.0752722,0.151,0.000343667,4.86542e-08,0.000343666,4.86542e-08,1.40359e+203,0,0.000343667,4.86542e-08,0.000343666,4.86542e-08,1.40359e+203,0,0.000343667,4.86542e-08,0.000343666,4.86542e-08,1.40359e+203,0,0.000343667,4.86542e-08,0.000343666,4.86542e-08,1.40359e+203,0
1.52e+06,-0.0757722,-0.0757722,0.152,0.000343667,4.86542e-08,0.000343666,4.86542e-08,1.40359e+203,0,0.000343667,4.86542e-08,0.000343666,4.86542e-08,1.40359e+203,0,0.000343667,4.86542e-08,0.000343666,4.86542e-08,1.40359e+203,0,0.000343667,4.86542e-08,0.000343666,4.86542e-08,1.40359e+203,0
1.53e+06,-0.0762722,-0.0762722,0.153,0.000343667,4.86542e-08,0.000343666,4.86542e-08,1.40359e+203,0,0.000343667,4.86542e-08,0.000343666,4.86542e-08,1.40359e+203,0,0.000343667,4.86542e-08,0.000343666,4.86542e-08,1.40359e+203,0,0.000343667,4.86542e-08,0.000343666,4.86542e-08,1.40359e+203,0
1.54e+06,-0.0767722,-0.0767722,0.154,0.000343667,4.86542e-08,0.000343666,4.86542e-08,1.40359e+203,0,0.000343667,4.86542e-08,0.000343666,4.86542e-08,1.40359e+203,0,0.000343667,4.86542e-08,0.000343666,4.86542e-08,1.40359e+203,0,0.000343667,4.86542e-08,0.000343666,4.86542e-08,1.40359e+203,0
1.55e+06,-0.0772722,-0.0772722,0.155,0.000343667,4.86542e-08,0.000343666,4.86541e-08,1.40359e+203,0,0.000343667,4.86542e-08,0.000343666,4.86541e-08,1.40359e+203,0,0.000343667,4.86542e-08,0.000343666,4.86541e-08,1.40359e+203,0,0.000343667,4.86542e-08,0.000343666,4.86541e-08,1.40359e+203,0
1.56e+06,-0.0777722,-0.0777722,0.156,0.000343667,4.86541e-08,0.000343666,4.86541e-08,1.40359e+203,0,0.000343667,4.86541e-08,0.000343666,4.86541e-08,1.40359e+203,0,0.000343667,4.86541e-08,0.000343666,4.86541e-08,1.40359e+203,0,0.000343667,4.86541e-08,0.000343666,4.86541e-08,1.40359e+203,0
1.57e+06,-0.0782722,-0.0782722,0.157,0.000343667,4.86541e-08,0.000343666,4.86541e-08,1.40359e+203,0,0.000343667,4.86541e-08,0.000343666,4.86541e-08,1.40359e+203,0,0.000343667,4.86541e-08,0.000343666,4.86541e-08,1.40359e+203,0,0.000343667,4.86541e-08,0.000343666,4.86541e-08,1.40359e+203,0
1.58e+06,-0.0787722,-0.0787722,0.158,0.000343667,4.86541e-08,0.000343666,4.86541e-08,1.40359e+203,0,0.000343667,4.86541e-08,0.000343666,4.86541e-08,1.40359e+203,0,0.000343667,4.86541e-08,0.000343666,4.86541e-08,1.40359e+203,0,0.000343667,4.86541e-08,0.000343666,4.86541e-08,1.40359e+203,0
1.59e+06,-0.0792722,-0.0792722,0.159,0.000343667,4.86541e-08,0.000343666,4.86541e-08,1.40359e+203,0,0.000343667,4.86541e-08,0.000343666,4.86541e-08,1.40359e+203,0,0.000343667,4.86541e-08,0.000343666,4.86541e-08,1.40359e+203,0,0.000343667,4.86541e-08,0.000343666,4.86541e-08,1.40359e+203,0
1.6e+06,-0.0797722,-0.0797722,0.16,0.000343667,4.86541e-08,0.000343666,4.86541e-08,1.40359e+203,0,0.000343667,4.86541e-08,0.000343666,4.86541e-08,1.40359e+203,0,0.000343667,4.86541e-08,0.000343666,4.86541e-08,1.40359e+203,0,0.000343667,4.86541e-08,0.000343666,4.86541e-08,1.40359e+203,0
1.61e+06,-0.0802722,-0.0802722,0.161,0.000343667,4.86541e-08,0.000343666,4.86541e-08,1.40359e+203,0,0.000343667,4.86541e-08,0.000343666,4.86541e-08,1.40359e+203,0,0.000343667,4.86541e-08,0.000343666,4.86541e-08,1.40359e+203,0,0.000343667,4.86541e-08,0.000343666,4.86541e-08,1.40359e+203,0
1.62e+06,-0.0807722,-0.0807722,0.162,0.000343667,4.86541e-08,0.000343666,4.86541e-08,1.40359e+203,0,0.000343667,4.86541e-08,0.000343666,4.86541e-08,1.40359e+203,0,0.000343667,4.86541e-08,0.000343666,4.86541e-08,1.40359e+203,0,0.000343667,4.86541e-08,0.000343666,4.86541e-08,1.40359e+203,0
1.63e+06,-0.0812722,-0.0812722,0.163,0.000343667,4.86541e-08,0.000343667,4.86541e-08,1.40359e+203,0,0.000343667,4.86541e-08,0.000343667,4.86541e-08,1.40359e+203,0,0.000343667,4.86541e-08,0.000343667,4.86541e-08,1.40359e+203,0,0.000343667,4.86541e-08,0.000343667,4.86541e-08,1.40359e+203,0
1.64e+06,-0.0817722,-0.0817722,0.164,0.000343667,4.86541e-08,0.000343667,4.86541e-08,1.40359e+203,0,0.000343667,4.86541e-08,0.000343667,4.86541e-08,1.40359e+203,0,0.000343667,4.86541e-08,0.000343667,4.86541e-08,1.40359e+203,0,0.000343667,4.86541e-08,0.000343667,4.86541e-08,1.40359e+203,0
1.65e+06,-0.0822722,-0.0822722,0.165,0.000343667,4.86541e-08,0.000343667,4.86541e-08,1.40359e+203,0,0.000343667,4.86541e-08,0.000343667,4.86541e-08,1.40359e+203,0,0.000343667,4.86541e-08,0.000343667,4.86541e-08,1.40359e+203,0,0.000343667,4.86541e-08,0.000343667,4.86541e-08,1.40359e+203,0
1.66e+06,-0.0827722,-0.0827722,0.166,0.000343667,4.86541e-08,0.000343667,4.86541e-08,1.40359e+203,0,0.000343667,4.86541e-08,0.000343667,4.86541e-08,1.40359e+203,0,0.000343667,4.86541e-08,0.000343667,4.86541e-08,1.40359e+203,0,0.000343667,4.86541e-08,0.000343667,4.86541e-08,1.40359e+203,0
1.67e+06,-0.0832722,-0.0832722,0.167,0.000343667,4.86541e-08,0.000343667,4.86541e-08,1.40359e+203,0,0.000343667,4.86541e-08,0.000343667,4.86541e-08,1.40359e+203,0,0.000343667,4.86541e-08,0.000343667,4.86541e-08,1.40359e+203,0,0.000343667,4.86541e-08,0.000343667,4.86541e-08,1.40359e+203,0
1.68e+06,-0.0837722,-0.0837722,0.168,0.000343668,4.86541e-08,0.000343667,4.86541e-08,1.40359e+203,0,0.000343668,4.86541e-08,0.000343667,4.86541e-08,1.40359e+203,0,0.000343668,4.86541e-08,0.000343667,4.86541e-08,1.40359e+203,0,0.000343668,4.86541e-08,0.000343667,4.86541e-08,1.40359e+203,0
1.69e+06,-0.0842722,-0.0842722,0.169,0.000343668,4.86541e-08,0.000343667,4.86541e-08,1.40359e+203,0,0.000343668,4.86541e-08,0.000343667,4.86541e-08,1.40359e+203,0,0.000343668,4.86541e-08,0.000343667,4.86541e-08,1.40359e+203,0,0.000343668,4.86541e-08,0.000343667,4.86541e-08,1.40359e+203,0
1.7e+06,-0.0847722,-0.0847722,0.17,0.000343668,4.86541e-08,0.000343667,4.86541e-08,1.40359e+203,0,0.000343668,4.86541e-08,0.000343667,4.86541e-08,1.40359e+203,0,0.000343668,4.86541e-08,0.000343667,4.86541e-08,1.40359e+203,0,0.000343668,4.86541e-08,0.000343667,4.86541e-08,1.40359e+203,0
1.71e+06,-0.0852722,-0.0852722,0.171,0.000343668,4.86541e-08,0.000343667,4.86541e-08,1.40359e+203,0,0.000343668,4.86541e-08,0.000343667,4.86541e-08,1.40359e+203,0,0.000343668,4.86541e-08,0.000343667,4.86541e-08,1.40359e+203,0,0.000343668,4.86541e-08,0.000343667,4.86541e-08,1.40359e+203,0
1.72e+06,-0.0857722,-0.0857722,0.172,0.000343668,4.86541e-08,0.000343667,4.86541e-08,1.40359e+203,0,0.000343668,4.86541e-08,0.000343667,4.86541e-08,1.40359e+203,0,0.000343668,4.86541e-08,0.000343667,4.86541e-08,1.40359e+203,0,0.000343668,4.86541e-08,0.000343667,4.86541e-08,1.40359e+203,0
1.73e+06,-0.0862722,-0.0862722,0.173,0.000343668,4.86541e-08,0.000343667,4.86541e-08,1.40359e+203,0,0.000343668,4.86541e-08,0.000343667,4.86541e-08,1.40359e+203,0,0.000343668,4.86541e-08,0.000343667,4.86541e-08,1.40359e+203,0,0.000343668,4.86541e-08,0.000343667,4.86541e-08,1.40359e+203,0
1.74e+06,-0.0867722,-0.0867722,0.174,0.000343668,4.86541e-08,0.000343667,4.86541e-08,1.40359e+203,0,0.000343668,4.86541e-08,0.000343667,4.86541e-08,1.40359e+203,0,0.000343668,4.86541e-08,0.000343667,4.86541e-08,1.40359e+203,0,0.000343668,4.86541e-08,0.000343667,4.86541e-08,1.40359e+203,0
1.75e+06,-0.0872722,-0.0872722,0.175,0.000343668,4.86541e-08,0.000343667,4.86541e-08,1.40359e+203,0,0.000343668,4.86541e-08,0.000343667,4.86541e-08,1.40359e+203,0,0.000343668,4.86541e-08,0.000343667,4.86541e-08,1.40359e+203,0,0.000343668,4.86541e-08,0.000343667,4.86541e-08,1.40359e+203,0
1.76e+06,-0.0877722,-0.0877722,0.176,0.000343668,4.86541e-08,0.000343667,4.86541e-08,1.40359e+203,0,0.000343668,4.86541e-08,0.000343667,4.86541e-08,1.40359e+203,0,0.000343668,4.86541e-08,0.000343667,4.86541e-08,1.40359e+203,0,0.000343668,4.86541e-08,0.000343667,4.86541e-08,1.40359e+203,0
1.77e+06,-0.0882722,-0.0882722,0.177,0.000343668,4.86541e-08,0.000343667,4.8654e-08,1.40359e+203,0,0.000343668,4.86541e-08,0.000343667,4.8654e-08,1.40359e+203,0,0.000343668,4.86541e-08,0.000343667,4.8654e-08,1.40359e+203,0,0.000343668,4.86541e-08,0.000343667,4.8654e-08,1.40359e+203,0
1.78e+06,-0.0887722,-0.0887722,0.178,0.000343668,4.86541e-08,0.000343667,4.8654e-08,1.40359e+203,0,0.000343668,4.86541e-08,0.000343667,4.8654e-08,1.40359e+203,0,0.000343668,4.86541e-08,0.000343667,4.8654e-08,1.40359e+203,0,0.000343668,4.86541e-08,0.000343667,4.8654e-08,1.40359e+203,0
1.79e+06,-0.0892722,-0.0892722,0.179,0.000343668,4.86541e-08,0.000343667,4.8654e-08,1.40359e+203,0,0.000343668,4.86541e-08,0.000343667,4.8654e-08,1.40359e+203,0,0.000343668,4.86541e-08,0.000343667,4.8654e-08,1.40359e+203,0,0.000343668,4.86541e-08,0.000343667,4.8654e-08,1.40359e+203,0
1.8e+06,-0.0897722,-0.0897722,0.18,0.000343668,4.86541e-08,0.000343667,4.8654e-08,1.40359e+203,0,0.000343668,4.86541e-08,0.000343667,4.8654e-08,1.40359e+203,0,0.000343668,4.86541e-08,0.000343667,4.8654e-08,1.40359e+203,0,0.000343668,4.86541e-08,0.000343667,4.8654e-08,1.40359e+203,0
1.81e+06,-0.0902722,-0.0902722,0.181,0.000343668,4.8654e-08,0.000343667,4.8654e-08,1.40359e+203,0,0.000343668,4.8654e-08,0.000343667,4.8654e-08,1.40359e+203,0,0.000343668,4.8654e-08,0.000343667,4.8654e-08,1.40359e+203,0,0.000343668,4.8654e-08,0.000343667,4.8654e-08,1.40359e+203,0
1.82e+06,-0.0907722,-0.0907722,0.182,0.000343668,4.8654e-08,0.000343667,4.8654e-08,1.40359e+203,0,0.000343668,4.8654e-08,0.000343667,4.8654e-08,1.40359e+203,0,0.000343668,4.8654e-08,0.000343667,4.8654e-08,1.40359e+203,0,0.000343668,4.8654e-08,0.000343667,4.8654e-08,1.40359e+203,0
1.83e+06,-0.0912722,-0.0912722,0.183,0.000343668,4.8654e-08,0.000343667,4.8654e-08,1.40359e+203,0,0.000343668,4.8654e-08,0.000343667,4.8654e-08,1.40359e+203,0,0.000343668,4.8654e-08,0.000343667,4.8654e-08,1.40359e+203,0,0.000343668,4.8654e-08,0.000343667,4.8654e-08,1.40359e+203,0
1.84e+06,-0.0917722,-0.0917722,0.184,0.000343668,4.8654e-08,0.000343667,4.8654e-08,1.40359e+203,0,0.000343668,4.8654e-08,0.000343667,4.8654e-08,1.40359e+203,0,0.000343668,4.8654e-08,0.000343667,4.8654e-08,1.40359e+203,0,0.000343668,4.8654e-08,0.000343667,4.8654e-08,1.40359e+203,0
1.85e+06,-0.0922722,-0.0922722,0.185,0.000343668,4.8654e-08,0.000343667,4.8654e-08,1.40359e+203,0,0.000343668,4.8654e-08,0.000343667,4.8654e-08,1.40359e+203,0,0.000343668,4.8654e-08,0.000343667,4.8654e-08,1.40359e+203,0,0.000343668,4.8654e-08,0.000343667,4.8654e-08,1.40359e+203,0
1.86e+06,-0.0927722,-0.0927722,0.186,0.000343668,4.8654e-08,0.000343667,4.8654e-08,1.40359e+203,0,0.000343668,4.8654e-08,0.000343667,4.8654e-08,1.40359e+203,0,0.000343668,4.8654e-08,0.000343667,4.8654e-08,1.40359e+203,0,0.000343668,4.8654e-08,0.000343667,4.8654e-08,1.40359e+203,0
1.87e+06,-0.0932722,-0.0932722,0.187,0.000343668,4.8654e-08,0.000343667,4.8654e-08,1.40359e+203,0,0.000343668,4.8654e-08,0.000343667,4.8654e-08,1.40359e+203,0,0.000343668,4.8654e-08,0.000343667,4.8654e-08,1.40359e+203,0,0.000343668,4.8654e-08,0.000343667,4.8654e-08,1.40359e+203,0
1.88e+06,-0.0937722,-0.0937722,0.188,0.000343668,4.8654e-08,0.000343667,4.8654e-08,1.40359e+203,0,0.000343668,4.8654e-08,0.000343667,4.8654e-08,1.40359e+203,0,0.000343668,4.8654e-08,0.000343667,4.8654e-08,1.40359e+203,0,0.000343668,4.8654e-08,0.000343667,4.8654e-08,1.40359e+203,0
1.89e+06,-0.0942722,-0.0942722,0.189,0.000343668,4.8654e-08,0.000343667,4.8654e-08,1.40359e+203,0,0.000343668,4.8654e-08,0.000343667,4.8654e-08,1.40359e+203,0,0.000343668,4.8654e-08,0.000343667,4.8654e-08,1.40359e+203,0,0.000343668,4.8654e-08,0.000343667,4.8654e-08,1.40359e+203,0
1.9e+06,-0.0947722,-0.0947722,0.19,0.000343668,4.8654e-08,0.000343667,4.8654e-08,1.40359e+203,0,0.000343668,4.8654e-08,0.000343667,4.8654e-08,1.40359e+203,0,0.000343668,4.8654e-08,0.000343667,4.8654e-08,1.40359e+203,0,0.000343668,4.8654e-08,0.000343667,4.8654e-08,1.40359e+203,0
1.91e+06,-0.0952722,-0.0952722,0.191,0.000343668,4.8654e-08,0.000343667,4.8654e-08,1.40359e+203,0,0.000343668,4.8654e-08,0.000343667,4.8654e-08,1.40359e+203,0,0.000343668,4.8654e-08,0.000343667,4.8654e-08,1.40359e+203,0,0.000343668,4.8654e-08,0.000343667,4.8654e-08,1.40359e+203,0
1.92e+06,-0.0957722,-0.0957722,0.192,0.000343668,4.8654e-08,0.000343667,4.8654e-08,1.40359e+203,0,0.000343668,4.8654e-08,0.000343667,4.8654e-08,1.40359e+203,0,0.000343668,4.8654e-08,0.000343667,4.8654e-08,1.40359e+203,0,0.000343668,4.8654e-08,0.000343667,4.8654e-08,1.40359e+203,0
1.93e+06,-0.0962722,-0.0962722,0.193,0.000343668,4.8654e-08,0.000343667,4.8654e-08,1.40359e+203,0,0.000343668,4.8654e-08,0.000343667,4.8654e-08,1.40359e+203,0,0.000343668,4.8654e-08,0.000343667,4.8654e-08,1.40359e+203,0,0.000343668,4.8654e-08,0.000343667,4.8654e-08,1.40359e+203,0
1.94e+06,-0.0967722,-0.0967722,0.194,0.000343668,4.8654e-08,0.000343667,4.8654e-08,1.40359e+203,0,0.000343668,4.8654e-08,0.000343667,4.8654e-08,1.40359e+203,0,0.000343668,4.8654e-08,0.000343667,4.8654e-08,1.40359e+203,0,0.000343668,4.8654e-08,0.000343667,4.8654e-08,1.40359e+203,0
1.95e+06,-0.0972722,-0.0972722,0.195,0.000343668,4.8654e-08,0.000343667,4.8654e-08,1.40359e+203,0,0.000343668,4.8654e-08,0.000343667,4.8654e-08,1.40359e+203,0,0.000343668,4.8654e-08,0.000343667,4.8654e-08,1.40359e+203,0,0.000343668,4.8654e-08,0.000343667,4.8654e-08,1.40359e+203,0
1.96e+06,-0.0977722,-0.0977722,0.196,0.000343668,4.8654e-08,0.000343667,4.8654e-08,1.40359e+203,0,0.000343668,4.8654e-08,0.000343667,4.8654e-08,1.40359e+203,0,0.000343668,4.8654e-08,0.000343667,4.8654e-08,1.40359e+203,0,0.000343668,4.8654e-08,0.000343667,4.8654e-08,1.40359e+203,0
1.97e+06,-0.0982722,-0.0982722,0.197,0.000343668,4.8654e-08,0.000343667,4.8654e-08,1.40359e+203,0,0.000343668,4.8654e-08,0.000343667,4.8654e-08,1.40359e+203,0,0.000343668,4.8654e-08,0.000343667,4.8654e-08,1.40359e+203,0,0.000343668,4.8654e-08,0.000343667,4.8654e-08,1.40359e+203,0
1.98e+06,-0.0987722,-0.0987722,0.198,0.000343668,4.8654e-08,0.000343667,4.8654e-08,1.40359e+203,0,0.000343668,4.8654e-08,0.000343667,4.8654e-08,1.40359e+203,0,0.000343668,4.8654e-08,0.000343667,4.8654e-08,1.40359e+203,0,0.000343668,4.8654e-08,0.000343667,4.8654e-08,1.40359e+203,0
1.99e+06,-0.0992722,-0.0992722,0.199,0.000343668,4.8654e-08,0.000343667,4.8654e-08,1.40359e+203,0,0.000343668,4.8654e-08,0.000343667,4.8654e-08,1.40359e+203,0,0.000343668,4.8654e-08,0.000343667,4.8654e-08,1.40359e+203,0,0.000343668,4.8654e-08,0.000343667,4.8654e-08,1.40359e+203,0
2e+06,-0.0997722,-0.0997722,0.2,0.000343668,4.8654e-08,0.000343667,4.8654e-08,1.40359e+203,0,0.000343668,4.8654e-08,0.000343667,4.8654e-08,1.40359e+203,0,0.000343668,4.8654e-08,0.000343667,4.8654e-08,1.40359e+203,0,0.000343668,4.8654e-08,0.000343667,4.8654e-08,1.40359e+203,0
