e11,e22,e33,sf0,sf1,sf2,sf3,sf4,sf5,sf6,sf7,sf8,sf9,sf10,sf11,
0,0,0,0,0,0,0,0,0,0,0,0,0,0,0
-0.000420501,-0.000420501,0.0010001,0.40813,0.40813,0,0.40813,0.40813,0,0.40813,0.40813,0,0.40813,0.40813,0
-0.000887753,-0.000887753,0.002,0.408081,0.408081,5.87747e-39,0.408081,0.408081,5.87747e-39,0.408081,0.408081,5.87747e-39,0.408081,0.408081,5.87747e-39
-0.00138733,-0.00138733,0.0030001,0.40808,0.40808,1.17549e-38,0.40808,0.40808,1.17549e-38,0.40808,0.40808,1.17549e-38,0.40808,0.40808,1.17549e-38
-0.00188686,-0.00188686,0.0040001,0.40808,0.40808,1.17549e-38,0.40808,0.40808,1.17549e-38,0.40808,0.40808,1.17549e-38,0.40808,0.40808,1.17549e-38
-0.00238634,-0.00238634,0.005,0.408079,0.408079,5.87747e-39,0.408079,0.408079,5.87747e-39,0.408079,0.408079,5.87747e-39,0.408079,0.408079,5.87747e-39
-0.00288587,-0.00288587,0.006,0.408078,0.408078,1.46937e-39,0.408078,0.408078,1.46937e-39,0.408078,0.408078,1.46937e-39,0.408078,0.408078,1.46937e-39
-0.00338541,-0.00338541,0.007,0.408077,0.408077,2.93874e-39,0.408077,0.408077,2.93874e-39,0.408077,0.408077,2.93874e-39,0.408077,0.408077,2.93874e-39
-0.00388495,-0.00388495,0.008,0.408077,0.408077,0,0.408077,0.408077,0,0.408077,0.408077,0,0.408077,0.408077,0
-0.00438449,-0.00438449,0.009,0.408076,0.408076,0,0.408076,0.408076,0,0.408076,0.408076,0,0.408076,0.408076,0
-0.00488408,-0.00488408,0.0100001,0.408075,0.408075,5.87747e-39,0.408075,0.408075,5.87747e-39,0.408075,0.408075,5.87747e-39,0.408075,0.408075,5.87747e-39
-0.00538363,-0.00538363,0.0110001,0.408075,0.408075,0,0.408075,0.408075,0,0.408075,0.408075,0,0.408075,0.408075,0
-0.00588318,-0.00588318,0.0120001,0.408074,0.408074,1.17549e-38,0.408074,0.408074,1.17549e-38,0.408074,0.408074,1.17549e-38,0.408074,0.408074,1.17549e-38
-0.00638274,-0.00638274,0.0130001,0.408073,0.408073,0,0.408073,0.408073,0,0.408073,0.408073,0,0.408073,0.408073,0
-0.00688229,-0.00688229,0.0140001,0.408073,0.408073,2.35099e-38,0.408073,0.408073,2.35099e-38,0.408073,0.408073,2.35099e-38,0.408073,0.408073,2.35099e-38
-0.00738185,-0.00738185,0.0150001,0.408072,0.408072,1.17549e-38,0.408072,0.408072,1.17549e-38,0.408072,0.408072,1.17549e-38,0.408072,0.408072,1.17549e-38
-0.00788141,-0.00788141,0.0160001,0.408071,0.408071,0,0.408071,0.408071,0,0.408071,0.408071,0,0.408071,0.408071,0
-0.00838098,-0.00838098,0.0170001,0.408071,0.408071,2.35099e-38,0.408071,0.408071,2.35099e-38,0.408071,0.408071,2.35099e-38,0.408071,0.408071,2.35099e-38
-0.00888054,-0.00888054,0.0180001,0.40807,0.40807,2.35099e-38,0.40807,0.40807,2.35099e-38,0.40807,0.40807,2.35099e-38,0.40807,0.40807,2.35099e-38
-0.00938011,-0.00938011,0.0190001,0.408069,0.408069,2.35099e-38,0.408069,0.408069,2.35099e-38,0.408069,0.408069,2.35099e-38,0.408069,0.408069,2.35099e-38
-0.00987969,-0.00987969,0.0200001,0.408069,0.408069,0,0.408069,0.408069,0,0.408069,0.408069,0,0.408069,0.408069,0
-0.0103793,-0.0103793,0.0210001,0.408068,0.408068,0,0.408068,0.408068,0,0.408068,0.408068,0,0.408068,0.408068,0
-0.0108788,-0.0108788,0.0220001,0.408068,0.408068,0,0.408068,0.408068,0,0.408068,0.408068,0,0.408068,0.408068,0
-0.0113784,-0.0113784,0.0230001,0.408067,0.408067,2.93874e-39,0.408067,0.408067,2.93874e-39,0.408067,0.408067,2.93874e-39,0.408067,0.408067,2.93874e-39
-0.011878,-0.011878,0.0240001,0.408066,0.408066,1.46937e-39,0.408066,0.408066,1.46937e-39,0.408066,0.408066,1.46937e-39,0.408066,0.408066,1.46937e-39
-0.0123776,-0.0123776,0.0250001,0.408066,0.408066,0,0.408066,0.408066,0,0.408066,0.408066,0,0.408066,0.408066,0
-0.0128772,-0.0128772,0.0260001,0.408065,0.408065,0,0.408065,0.408065,0,0.408065,0.408065,0,0.408065,0.408065,0
-0.0133768,-0.0133768,0.0270001,0.408064,0.408064,1.17549e-38,0.408064,0.408064,1.17549e-38,0.408064,0.408064,1.17549e-38,0.408064,0.408064,1.17549e-38
-0.0138764,-0.0138764,0.0280001,0.408064,0.408064,0,0.408064,0.408064,0,0.408064,0.408064,0,0.408064,0.408064,0
-0.014376,-0.014376,0.0290001,0.408063,0.408063,0,0.408063,0.408063,0,0.408063,0.408063,0,0.408063,0.408063,0
-0.0148755,-0.0148755,0.0300001,0.408063,0.408063,0,0.408063,0.408063,0,0.408063,0.408063,0,0.408063,0.408063,0
-0.0153751,-0.0153751,0.0310001,0.408062,0.408062,2.35099e-38,0.408062,0.408062,2.35099e-38,0.408062,0.408062,2.35099e-38,0.408062,0.408062,2.35099e-38
-0.0158748,-0.0158748,0.0320001,0.408061,0.408061,2.35099e-38,0.408061,0.408061,2.35099e-38,0.408061,0.408061,2.35099e-38,0.408061,0.408061,2.35099e-38
-0.0163744,-0.0163744,0.0330001,0.408061,0.408061,0,0.408061,0.408061,0,0.408061,0.408061,0,0.408061,0.408061,0
-0.016874,-0.016874,0.0340001,0.40806,0.40806,0,0.40806,0.40806,0,0.40806,0.40806,0,0.40806,0.40806,0
-0.0173736,-0.0173736,0.0350001,0.40806,0.40806,4.70198e-38,0.40806,0.40806,4.70198e-38,0.40806,0.40806,4.70198e-38,0.40806,0.40806,4.70198e-38
-0.0178731,-0.0178731,0.036,0.408059,0.408059,0,0.408059,0.408059,0,0.408059,0.408059,0,0.408059,0.408059,0
-0.0183727,-0.0183727,0.037,0.408059,0.408059,0,0.408059,0.408059,0,0.408059,0.408059,0,0.408059,0.408059,0
-0.0188724,-0.0188724,0.038,0.408058,0.408058,0,0.408058,0.408058,0,0.408058,0.408058,0,0.408058,0.408058,0
-0.019372,-0.019372,0.039,0.408057,0.408057,0,0.408057,0.408057,0,0.408057,0.408057,0,0.408057,0.408057,0
-0.0198716,-0.0198716,0.04,0.408057,0.408057,0,0.408057,0.408057,0,0.408057,0.408057,0,0.408057,0.408057,0
-0.0203712,-0.0203712,0.041,0.408056,0.408056,4.70198e-38,0.408056,0.408056,4.70198e-38,0.408056,0.408056,4.70198e-38,0.408056,0.408056,4.70198e-38
-0.0208709,-0.0208709,0.042,0.408056,0.408056,4.70198e-38,0.408056,0.408056,4.70198e-38,0.408056,0.408056,4.70198e-38,0.408056,0.408056,4.70198e-38
-0.0213705,-0.0213705,0.043,0.408055,0.408055,0,0.408055,0.408055,0,0.408055,0.408055,0,0.408055,0.408055,0
-0.0218701,-0.0218701,0.044,0.408055,0.408055,0,0.408055,0.408055,0,0.408055,0.408055,0,0.408055,0.408055,0
-0.0223697,-0.0223697,0.045,0.408054,0.408054,0,0.408054,0.408054,0,0.408054,0.408054,0,0.408054,0.408054,0
-0.0228694,-0.0228694,0.046,0.408054,0.408054,9.40395e-38,0.408054,0.408054,9.40395e-38,0.408054,0.408054,9.40395e-38,0.408054,0.408054,9.40395e-38
-0.023369,-0.023369,0.047,0.408053,0.408053,9.40395e-38,0.408053,0.408053,9.40395e-38,0.408053,0.408053,9.40395e-38,0.408053,0.408053,9.40395e-38
-0.0238687,-0.0238687,0.048,0.408052,0.408052,9.40395e-38,0.408052,0.408052,9.40395e-38,0.408052,0.408052,9.40395e-38,0.408052,0.408052,9.40395e-38
-0.0243683,-0.0243683,0.049,0.408052,0.408052,9.40395e-38,0.408052,0.408052,9.40395e-38,0.408052,0.408052,9.40395e-38,0.408052,0.408052,9.40395e-38
-0.0248679,-0.0248679,0.05,0.408051,0.408051,0,0.408051,0.408051,0,0.408051,0.408051,0,0.408051,0.408051,0
-0.0253676,-0.0253676,0.051,0.408051,0.408051,0,0.408051,0.408051,0,0.408051,0.408051,0,0.408051,0.408051,0
-0.0258672,-0.0258672,0.052,0.40805,0.40805,0,0.40805,0.40805,0,0.40805,0.40805,0,0.40805,0.40805,0
-0.0263669,-0.0263669,0.053,0.40805,0.40805,0,0.40805,0.40805,0,0.40805,0.40805,0,0.40805,0.40805,0
-0.0268665,-0.0268665,0.054,0.408049,0.408049,1.88079e-37,0.408049,0.408049,1.88079e-37,0.408049,0.408049,1.88079e-37,0.408049,0.408049,1.88079e-37
-0.0273662,-0.0273662,0.055,0.408049,0.408049,1.88079e-37,0.408049,0.408049,1.88079e-37,0.408049,0.408049,1.88079e-37,0.408049,0.408049,1.88079e-37
-0.0278658,-0.0278658,0.056,0.408048,0.408048,1.88079e-37,0.408048,0.408048,1.88079e-37,0.408048,0.408048,1.88079e-37,0.408048,0.408048,1.88079e-37
-0.0283655,-0.0283655,0.057,0.408048,0.408048,1.88079e-37,0.408048,0.408048,1.88079e-37,0.408048,0.408048,1.88079e-37,0.408048,0.408048,1.88079e-37
-0.0288652,-0.0288652,0.058,0.408047,0.408047,1.88079e-37,0.408047,0.408047,1.88079e-37,0.408047,0.408047,1.88079e-37,0.408047,0.408047,1.88079e-37
-0.0293648,-0.0293648,0.059,0.408047,0.408047,1.88079e-37,0.408047,0.408047,1.88079e-37,0.408047,0.408047,1.88079e-37,0.408047,0.408047,1.88079e-37
-0.0298645,-0.0298645,0.06,0.408046,0.408046,1.88079e-37,0.408046,0.408046,1.88079e-37,0.408046,0.408046,1.88079e-37,0.408046,0.408046,1.88079e-37
-0.0303642,-0.0303642,0.061,0.408046,0.408046,1.88079e-37,0.408046,0.408046,1.88079e-37,0.408046,0.408046,1.88079e-37,0.408046,0.408046,1.88079e-37
-0.0308638,-0.0308638,0.062,0.408045,0.408045,1.88079e-37,0.408045,0.408045,1.88079e-37,0.408045,0.408045,1.88079e-37,0.408045,0.408045,1.88079e-37
-0.0313635,-0.0313635,0.063,0.408045,0.408045,0,0.408045,0.408045,0,0.408045,0.408045,0,0.408045,0.408045,0
-0.0318632,-0.0318632,0.064,0.408044,0.408044,1.88079e-37,0.408044,0.408044,1.88079e-37,0.408044,0.408044,1.88079e-37,0.408044,0.408044,1.88079e-37
-0.0323628,-0.0323628,0.065,0.408044,0.408044,1.88079e-37,0.408044,0.408044,1.88079e-37,0.408044,0.408044,1.88079e-37,0.408044,0.408044,1.88079e-37
-0.0328625,-0.0328625,0.066,0.408043,0.408043,0,0.408043,0.408043,0,0.408043,0.408043,0,0.408043,0.408043,0
-0.0333622,-0.0333622,0.067,0.408043,0.408043,1.88079e-37,0.408043,0.408043,1.88079e-37,0.408043,0.408043,1.88079e-37,0.408043,0.408043,1.88079e-37
-0.0338619,-0.0338619,0.068,0.408042,0.408042,0,0.408042,0.408042,0,0.408042,0.408042,0,0.408042,0.408042,0
-0.0343616,-0.0343616,0.069,0.408042,0.408042,0,0.408042,0.408042,0,0.408042,0.408042,0,0.408042,0.408042,0
-0.0348612,-0.0348612,0.07,0.408041,0.408041,1.88079e-37,0.408041,0.408041,1.88079e-37,0.408041,0.408041,1.88079e-37,0.408041,0.408041,1.88079e-37
-0.0353609,-0.0353609,0.071,0.408041,0.408041,1.88079e-37,0.408041,0.408041,1.88079e-37,0.408041,0.408041,1.88079e-37,0.408041,0.408041,1.88079e-37
-0.0358606,-0.0358606,0.072,0.40804,0.40804,1.88079e-37,0.40804,0.40804,1.88079e-37,0.40804,0.40804,1.88079e-37,0.40804,0.40804,1.88079e-37
-0.0363603,-0.0363603,0.073,0.40804,0.40804,0,0.40804,0.40804,0,0.40804,0.40804,0,0.40804,0.40804,0
-0.03686,-0.03686,0.074,0.408039,0.408039,0,0.408039,0.408039,0,0.408039,0.408039,0,0.408039,0.408039,0
-0.0373597,-0.0373597,0.075,0.408039,0.408039,1.88079e-37,0.408039,0.408039,1.88079e-37,0.408039,0.408039,1.88079e-37,0.408039,0.408039,1.88079e-37
-0.0378594,-0.0378594,0.076,0.408039,0.408039,1.88079e-37,0.408039,0.408039,1.88079e-37,0.408039,0.408039,1.88079e-37,0.408039,0.408039,1.88079e-37
-0.0383591,-0.0383591,0.077,0.408038,0.408038,1.88079e-37,0.408038,0.408038,1.88079e-37,0.408038,0.408038,1.88079e-37,0.408038,0.408038,1.88079e-37
-0.0388588,-0.0388588,0.078,0.408038,0.408038,1.88079e-37,0.408038,0.408038,1.88079e-37,0.408038,0.408038,1.88079e-37,0.408038,0.408038,1.88079e-37
-0.0393585,-0.0393585,0.079,0.408037,0.408037,0,0.408037,0.408037,0,0.408037,0.408037,0,0.408037,0.408037,0
-0.0398582,-0.0398582,0.08,0.408037,0.408037,3.76158e-37,0.408037,0.408037,3.76158e-37,0.408037,0.408037,3.76158e-37,0.408037,0.408037,3.76158e-37
-0.0403579,-0.0403579,0.081,0.408036,0.408036,0,0.408036,0.408036,0,0.408036,0.408036,0,0.408036,0.408036,0
-0.0408576,-0.0408576,0.082,0.408036,0.408036,1.88079e-37,0.408036,0.408036,1.88079e-37,0.408036,0.408036,1.88079e-37,0.408036,0.408036,1.88079e-37
-0.0413573,-0.0413573,0.083,0.408035,0.408035,1.88079e-37,0.408035,0.408035,1.88079e-37,0.408035,0.408035,1.88079e-37,0.408035,0.408035,1.88079e-37
-0.041857,-0.041857,0.084,0.408035,0.408035,0,0.408035,0.408035,0,0.408035,0.408035,0,0.408035,0.408035,0
-0.0423567,-0.0423567,0.085,0.408035,0.408035,0,0.408035,0.408035,0,0.408035,0.408035,0,0.408035,0.408035,0
-0.0428564,-0.0428564,0.086,0.408034,0.408034,0,0.408034,0.408034,0,0.408034,0.408034,0,0.408034,0.408034,0
-0.0433561,-0.0433561,0.087,0.408034,0.408034,1.88079e-37,0.408034,0.408034,1.88079e-37,0.408034,0.408034,1.88079e-37,0.408034,0.408034,1.88079e-37
-0.0438558,-0.0438558,0.088,0.408033,0.408033,1.88079e-37,0.408033,0.408033,1.88079e-37,0.408033,0.408033,1.88079e-37,0.408033,0.408033,1.88079e-37
-0.0443555,-0.0443555,0.089,0.408033,0.408033,1.88079e-37,0.408033,0.408033,1.88079e-37,0.408033,0.408033,1.88079e-37,0.408033,0.408033,1.88079e-37
-0.0448553,-0.0448553,0.09,0.408032,0.408032,0,0.408032,0.408032,0,0.408032,0.408032,0,0.408032,0.408032,0
-0.045355,-0.045355,0.091,0.408032,0.408032,0,0.408032,0.408032,0,0.408032,0.408032,0,0.408032,0.408032,0
-0.0458547,-0.0458547,0.092,0.408032,0.408032,0,0.408032,0.408032,0,0.408032,0.408032,0,0.408032,0.408032,0
-0.0463544,-0.0463544,0.093,0.408031,0.408031,0,0.408031,0.408031,0,0.408031,0.408031,0,0.408031,0.408031,0
-0.0468541,-0.0468541,0.094,0.408031,0.408031,3.76158e-37,0.408031,0.408031,3.76158e-37,0.408031,0.408031,3.76158e-37,0.408031,0.408031,3.76158e-37
-0.0473539,-0.0473539,0.095,0.40803,0.40803,0,0.40803,0.40803,0,0.40803,0.40803,0,0.40803,0.40803,0
-0.0478536,-0.0478536,0.096,0.40803,0.40803,3.76158e-37,0.40803,0.40803,3.76158e-37,0.40803,0.40803,3.76158e-37,0.40803,0.40803,3.76158e-37
-0.0483533,-0.0483533,0.097,0.408029,0.408029,0,0.408029,0.408029,0,0.408029,0.408029,0,0.408029,0.408029,0
-0.048853,-0.048853,0.098,0.408029,0.408029,0,0.408029,0.408029,0,0.408029,0.408029,0,0.408029,0.408029,0
-0.0493528,-0.0493528,0.099,0.408029,0.408029,3.76158e-37,0.408029,0.408029,3.76158e-37,0.408029,0.408029,3.76158e-37,0.408029,0.408029,3.76158e-37
-0.0498525,-0.0498525,0.1,0.408028,0.408028,0,0.408028,0.408028,0,0.408028,0.408028,0,0.408028,0.408028,0
-0.0503522,-0.0503522,0.101,0.408028,0.408028,3.76158e-37,0.408028,0.408028,3.76158e-37,0.408028,0.408028,3.76158e-37,0.408028,0.408028,3.76158e-37
-0.050852,-0.050852,0.102,0.408027,0.408027,0,0.408027,0.408027,0,0.408027,0.408027,0,0.408027,0.408027,0
-0.0513517,-0.0513517,0.103,0.408027,0.408027,0,0.408027,0.408027,0,0.408027,0.408027,0,0.408027,0.408027,0
-0.0518514,-0.0518514,0.104,0.408027,0.408027,3.76158e-37,0.408027,0.408027,3.76158e-37,0.408027,0.408027,3.76158e-37,0.408027,0.408027,3.76158e-37
-0.0523512,-0.0523512,0.105,0.408026,0.408026,0,0.408026,0.408026,0,0.408026,0.408026,0,0.408026,0.408026,0
-0.0528509,-0.0528509,0.106,0.408026,0.408026,0,0.408026,0.408026,0,0.408026,0.408026,0,0.408026,0.408026,0
-0.0533507,-0.0533507,0.107,0.408026,0.408026,0,0.408026,0.408026,0,0.408026,0.408026,0,0.408026,0.408026,0
-0.0538504,-0.0538504,0.108,0.408025,0.408025,0,0.408025,0.408025,0,0.408025,0.408025,0,0.408025,0.408025,0
-0.0543501,-0.0543501,0.109,0.408025,0.408025,0,0.408025,0.408025,0,0.408025,0.408025,0,0.408025,0.408025,0
-0.0548499,-0.0548499,0.11,0.408024,0.408024,3.76158e-37,0.408024,0.408024,3.76158e-37,0.408024,0.408024,3.76158e-37,0.408024,0.408024,3.76158e-37
-0.0553496,-0.0553496,0.111,0.408024,0.408024,0,0.408024,0.408024,0,0.408024,0.408024,0,0.408024,0.408024,0
-0.0558494,-0.0558494,0.112,0.408024,0.408024,3.76158e-37,0.408024,0.408024,3.76158e-37,0.408024,0.408024,3.76158e-37,0.408024,0.408024,3.76158e-37
-0.0563491,-0.0563491,0.113,0.408023,0.408023,3.76158e-37,0.408023,0.408023,3.76158e-37,0.408023,0.408023,3.76158e-37,0.408023,0.408023,3.76158e-37
-0.0568489,-0.0568489,0.114,0.408023,0.408023,3.76158e-37,0.408023,0.408023,3.76158e-37,0.408023,0.408023,3.76158e-37,0.408023,0.408023,3.76158e-37
-0.0573486,-0.0573486,0.115,0.408022,0.408022,3.76158e-37,0.408022,0.408022,3.76158e-37,0.408022,0.408022,3.76158e-37,0.408022,0.408022,3.76158e-37
-0.0578484,-0.0578484,0.116,0.408022,0.408022,3.76158e-37,0.408022,0.408022,3.76158e-37,0.408022,0.408022,3.76158e-37,0.408022,0.408022,3.76158e-37
-0.0583481,-0.0583481,0.117,0.408022,0.408022,0,0.408022,0.408022,0,0.408022,0.408022,0,0.408022,0.408022,0
-0.0588479,-0.0588479,0.118,0.408021,0.408021,3.76158e-37,0.408021,0.408021,3.76158e-37,0.408021,0.408021,3.76158e-37,0.408021,0.408021,3.76158e-37
-0.0593476,-0.0593476,0.119,0.408021,0.408021,0,0.408021,0.408021,0,0.408021,0.408021,0,0.408021,0.408021,0
-0.0598474,-0.0598474,0.12,0.408021,0.408021,3.76158e-37,0.408021,0.408021,3.76158e-37,0.408021,0.408021,3.76158e-37,0.408021,0.408021,3.76158e-37
-0.0603472,-0.0603472,0.121,0.40802,0.40802,3.76158e-37,0.40802,0.40802,3.76158e-37,0.40802,0.40802,3.76158e-37,0.40802,0.40802,3.76158e-37
-0.0608469,-0.0608469,0.122,0.40802,0.40802,3.76158e-37,0.40802,0.40802,3.76158e-37,0.40802,0.40802,3.76158e-37,0.40802,0.40802,3.76158e-37
-0.0613467,-0.0613467,0.123,0.40802,0.40802,3.76158e-37,0.40802,0.40802,3.76158e-37,0.40802,0.40802,3.76158e-37,0.40802,0.40802,3.76158e-37
-0.0618464,-0.0618464,0.124,0.408019,0.408019,0,0.408019,0.408019,0,0.408019,0.408019,0,0.408019,0.408019,0
-0.0623462,-0.0623462,0.125,0.408019,0.408019,3.76158e-37,0.408019,0.408019,3.76158e-37,0.408019,0.408019,3.76158e-37,0.408019,0.408019,3.76158e-37
-0.062846,-0.062846,0.126,0.408018,0.408018,0,0.408018,0.408018,0,0.408018,0.408018,0,0.408018,0.408018,0
-0.0633457,-0.0633457,0.127,0.408018,0.408018,0,0.408018,0.408018,0,0.408018,0.408018,0,0.408018,0.408018,0
-0.0638455,-0.0638455,0.128,0.408018,0.408018,0,0.408018,0.408018,0,0.408018,0.408018,0,0.408018,0.408018,0
-0.0643453,-0.0643453,0.129,0.408017,0.408017,3.76158e-37,0.408017,0.408017,3.76158e-37,0.408017,0.408017,3.76158e-37,0.408017,0.408017,3.76158e-37
-0.064845,-0.064845,0.13,0.408017,0.408017,0,0.408017,0.408017,0,0.408017,0.408017,0,0.408017,0.408017,0
-0.0653448,-0.0653448,0.131,0.408017,0.408017,3.76158e-37,0.408017,0.408017,3.76158e-37,0.408017,0.408017,3.76158e-37,0.408017,0.408017,3.76158e-37
-0.0658446,-0.0658446,0.132,0.408016,0.408016,3.76158e-37,0.408016,0.408016,3.76158e-37,0.408016,0.408016,3.76158e-37,0.408016,0.408016,3.76158e-37
-0.0663443,-0.0663443,0.133,0.408016,0.408016,0,0.408016,0.408016,0,0.408016,0.408016,0,0.408016,0.408016,0
-0.0668441,-0.0668441,0.134,0.408016,0.408016,7.52316e-37,0.408016,0.408016,7.52316e-37,0.408016,0.408016,7.52316e-37,0.408016,0.408016,7.52316e-37
-0.0673439,-0.0673439,0.135,0.408015,0.408015,0,0.408015,0.408015,0,0.408015,0.408015,0,0.408015,0.408015,0
-0.0678436,-0.0678436,0.136,0.408015,0.408015,3.76158e-37,0.408015,0.408015,3.76158e-37,0.408015,0.408015,3.76158e-37,0.408015,0.408015,3.76158e-37
-0.0683434,-0.0683434,0.137,0.408015,0.408015,3.76158e-37,0.408015,0.408015,3.76158e-37,0.408015,0.408015,3.76158e-37,0.408015,0.408015,3.76158e-37
-0.0688432,-0.0688432,0.138,0.408014,0.408014,3.76158e-37,0.408014,0.408014,3.76158e-37,0.408014,0.408014,3.76158e-37,0.408014,0.408014,3.76158e-37
-0.069343,-0.069343,0.139,0.408014,0.408014,3.76158e-37,0.408014,0.408014,3.76158e-37,0.408014,0.408014,3.76158e-37,0.408014,0.408014,3.76158e-37
-0.0698428,-0.0698428,0.14,0.408014,0.408014,3.76158e-37,0.408014,0.408014,3.76158e-37,0.408014,0.408014,3.76158e-37,0.408014,0.408014,3.76158e-37
-0.0703425,-0.0703425,0.141,0.408013,0.408013,3.76158e-37,0.408013,0.408013,3.76158e-37,0.408013,0.408013,3.76158e-37,0.408013,0.408013,3.76158e-37
-0.0708423,-0.0708423,0.142,0.408013,0.408013,0,0.408013,0.408013,0,0.408013,0.408013,0,0.408013,0.408013,0
-0.0713421,-0.0713421,0.143,0.408013,0.408013,3.76158e-37,0.408013,0.408013,3.76158e-37,0.408013,0.408013,3.76158e-37,0.408013,0.408013,3.76158e-37
-0.0718419,-0.0718419,0.144,0.408012,0.408012,0,0.408012,0.408012,0,0.408012,0.408012,0,0.408012,0.408012,0
-0.0723417,-0.0723417,0.145,0.408012,0.408012,3.76158e-37,0.408012,0.408012,3.76158e-37,0.408012,0.408012,3.76158e-37,0.408012,0.408012,3.76158e-37
-0.0728414,-0.0728414,0.146,0.408012,0.408012,0,0.408012,0.408012,0,0.408012,0.408012,0,0.408012,0.408012,0
-0.0733412,-0.0733412,0.147,0.408011,0.408011,0,0.408011,0.408011,0,0.408011,0.408011,0,0.408011,0.408011,0
-0.073841,-0.073841,0.148,0.408011,0.408011,0,0.408011,0.408011,0,0.408011,0.408011,0,0.408011,0.408011,0
-0.0743408,-0.0743408,0.149,0.408011,0.408011,3.76158e-37,0.408011,0.408011,3.76158e-37,0.408011,0.408011,3.76158e-37,0.408011,0.408011,3.76158e-37
-0.0748406,-0.0748406,0.15,0.40801,0.40801,0,0.40801,0.40801,0,0.40801,0.40801,0,0.40801,0.40801,0
-0.0753404,-0.0753404,0.151,0.40801,0.40801,0,0.40801,0.40801,0,0.40801,0.40801,0,0.40801,0.40801,0
-0.0758401,-0.0758401,0.152,0.40801,0.40801,0,0.40801,0.40801,0,0.40801,0.40801,0,0.40801,0.40801,0
-0.0763399,-0.0763399,0.153,0.408009,0.408009,0,0.408009,0.408009,0,0.408009,0.408009,0,0.408009,0.408009,0
-0.0768397,-0.0768397,0.154,0.408009,0.408009,0,0.408009,0.408009,0,0.408009,0.408009,0,0.408009,0.408009,0
-0.0773395,-0.0773395,0.155,0.408009,0.408009,3.76158e-37,0.408009,0.408009,3.76158e-37,0.408009,0.408009,3.76158e-37,0.408009,0.408009,3.76158e-37
-0.0778393,-0.0778393,0.156,0.408009,0.408009,3.76158e-37,0.408009,0.408009,3.76158e-37,0.408009,0.408009,3.76158e-37,0.408009,0.408009,3.76158e-37
-0.0783391,-0.0783391,0.157,0.408008,0.408008,0,0.408008,0.408008,0,0.408008,0.408008,0,0.408008,0.408008,0
-0.0788389,-0.0788389,0.158,0.408008,0.408008,0,0.408008,0.408008,0,0.408008,0.408008,0,0.408008,0.408008,0
-0.0793387,-0.0793387,0.159,0.408008,0.408008,7.52316e-37,0.408008,0.408008,7.52316e-37,0.408008,0.408008,7.52316e-37,0.408008,0.408008,7.52316e-37
-0.0798385,-0.0798385,0.16,0.408007,0.408007,0,0.408007,0.408007,0,0.408007,0.408007,0,0.408007,0.408007,0
-0.0803383,-0.0803383,0.161,0.408007,0.408007,7.52316e-37,0.408007,0.408007,7.52316e-37,0.408007,0.408007,7.52316e-37,0.408007,0.408007,7.52316e-37
-0.0808381,-0.0808381,0.162,0.408007,0.408007,0,0.408007,0.408007,0,0.408007,0.408007,0,0.408007,0.408007,0
-0.0813379,-0.0813379,0.163,0.408006,0.408006,0,0.408006,0.408006,0,0.408006,0.408006,0,0.408006,0.408006,0
-0.0818377,-0.0818377,0.164,0.408006,0.408006,0,0.408006,0.408006,0,0.408006,0.408006,0,0.408006,0.408006,0
-0.0823375,-0.0823375,0.165,0.408006,0.408006,0,0.408006,0.408006,0,0.408006,0.408006,0,0.408006,0.408006,0
-0.0828373,-0.0828373,0.166,0.408005,0.408005,3.76158e-37,0.408005,0.408005,3.76158e-37,0.408005,0.408005,3.76158e-37,0.408005,0.408005,3.76158e-37
-0.0833371,-0.0833371,0.167,0.408005,0.408005,0,0.408005,0.408005,0,0.408005,0.408005,0,0.408005,0.408005,0
-0.0838369,-0.0838369,0.168,0.408005,0.408005,3.76158e-37,0.408005,0.408005,3.76158e-37,0.408005,0.408005,3.76158e-37,0.408005,0.408005,3.76158e-37
-0.0843367,-0.0843367,0.169,0.408005,0.408005,0,0.408005,0.408005,0,0.408005,0.408005,0,0.408005,0.408005,0
-0.0848365,-0.0848365,0.17,0.408004,0.408004,3.76158e-37,0.408004,0.408004,3.76158e-37,0.408004,0.408004,3.76158e-37,0.408004,0.408004,3.76158e-37
-0.0853363,-0.0853363,0.171,0.408004,0.408004,3.76158e-37,0.408004,0.408004,3.76158e-37,0.408004,0.408004,3.76158e-37,0.408004,0.408004,3.76158e-37
-0.0858361,-0.0858361,0.172,0.408004,0.408004,3.76158e-37,0.408004,0.408004,3.76158e-37,0.408004,0.408004,3.76158e-37,0.408004,0.408004,3.76158e-37
-0.0863359,-0.0863359,0.173,0.408003,0.408003,3.76158e-37,0.408003,0.408003,3.76158e-37,0.408003,0.408003,3.76158e-37,0.408003,0.408003,3.76158e-37
-0.0868357,-0.0868357,0.174,0.408003,0.408003,3.76158e-37,0.408003,0.408003,3.76158e-37,0.408003,0.408003,3.76158e-37,0.408003,0.408003,3.76158e-37
-0.0873355,-0.0873355,0.175,0.408003,0.408003,3.76158e-37,0.408003,0.408003,3.76158e-37,0.408003,0.408003,3.76158e-37,0.408003,0.408003,3.76158e-37
-0.0878353,-0.0878353,0.176,0.408003,0.408003,3.76158e-37,0.408003,0.408003,3.76158e-37,0.408003,0.408003,3.76158e-37,0.408003,0.408003,3.76158e-37
-0.0883351,-0.0883351,0.177,0.408002,0.408002,3.76158e-37,0.408002,0.408002,3.76158e-37,0.408002,0.408002,3.76158e-37,0.408002,0.408002,3.76158e-37
-0.0888349,-0.0888349,0.178,0.408002,0.408002,3.76158e-37,0.408002,0.408002,3.76158e-37,0.408002,0.408002,3.76158e-37,0.408002,0.408002,3.76158e-37
-0.0893347,-0.0893347,0.179,0.408002,0.408002,3.76158e-37,0.408002,0.408002,3.76158e-37,0.408002,0.408002,3.76158e-37,0.408002,0.408002,3.76158e-37
-0.0898345,-0.0898345,0.18,0.408001,0.408001,3.76158e-37,0.408001,0.408001,3.76158e-37,0.408001,0.408001,3.76158e-37,0.408001,0.408001,3.76158e-37
-0.0903343,-0.0903343,0.181,0.408001,0.408001,0,0.408001,0.408001,0,0.408001,0.408001,0,0.408001,0.408001,0
-0.0908341,-0.0908341,0.182,0.408001,0.408001,0,0.408001,0.408001,0,0.408001,0.408001,0,0.408001,0.408001,0
-0.0913339,-0.0913339,0.183,0.408001,0.408001,3.76158e-37,0.408001,0.408001,3.76158e-37,0.408001,0.408001,3.76158e-37,0.408001,0.408001,3.76158e-37
-0.0918338,-0.0918338,0.184,0.408,0.408,3.76158e-37,0.408,0.408,3.76158e-37,0.408,0.408,3.76158e-37,0.408,0.408,3.76158e-37
-0.0923336,-0.0923336,0.185,0.408,0.408,3.76158e-37,0.408,0.408,3.76158e-37,0.408,0.408,3.76158e-37,0.408,0.408,3.76158e-37
-0.0928334,-0.0928334,0.186,0.408,0.408,0,0.408,0.408,0,0.408,0.408,0,0.408,0.408,0
-0.0933332,-0.0933332,0.187,0.407999,0.407999,7.52316e-37,0.407999,0.407999,7.52316e-37,0.407999,0.407999,7.52316e-37,0.407999,0.407999,7.52316e-37
-0.093833,-0.093833,0.188,0.407999,0.407999,7.52316e-37,0.407999,0.407999,7.52316e-37,0.407999,0.407999,7.52316e-37,0.407999,0.407999,7.52316e-37
-0.0943328,-0.0943328,0.189,0.407999,0.407999,3.76158e-37,0.407999,0.407999,3.76158e-37,0.407999,0.407999,3.76158e-37,0.407999,0.407999,3.76158e-37
-0.0948326,-0.0948326,0.19,0.407999,0.407999,3.76158e-37,0.407999,0.407999,3.76158e-37,0.407999,0.407999,3.76158e-37,0.407999,0.407999,3.76158e-37
-0.0953324,-0.0953324,0.191,0.407998,0.407998,0,0.407998,0.407998,0,0.407998,0.407998,0,0.407998,0.407998,0
-0.0958323,-0.0958323,0.192,0.407998,0.407998,0,0.407998,0.407998,0,0.407998,0.407998,0,0.407998,0.407998,0
-0.0963321,-0.0963321,0.193,0.407998,0.407998,7.52316e-37,0.407998,0.407998,7.52316e-37,0.407998,0.407998,7.52316e-37,0.407998,0.407998,7.52316e-37
-0.0968319,-0.0968319,0.194,0.407997,0.407997,3.76158e-37,0.407997,0.407997,3.76158e-37,0.407997,0.407997,3.76158e-37,0.407997,0.407997,3.76158e-37
-0.0973317,-0.0973317,0.195,0.407997,0.407997,7.52316e-37,0.407997,0.407997,7.52316e-37,0.407997,0.407997,7.52316e-37,0.407997,0.407997,7.52316e-37
-0.0978315,-0.0978315,0.196,0.407997,0.407997,7.52316e-37,0.407997,0.407997,7.52316e-37,0.407997,0.407997,7.52316e-37,0.407997,0.407997,7.52316e-37
-0.0983313,-0.0983313,0.197,0.407997,0.407997,0,0.407997,0.407997,0,0.407997,0.407997,0,0.407997,0.407997,0
-0.0988312,-0.0988312,0.198,0.407996,0.407996,7.52316e-37,0.407996,0.407996,7.52316e-37,0.407996,0.407996,7.52316e-37,0.407996,0.407996,7.52316e-37
-0.099331,-0.099331,0.199,0.407996,0.407996,7.52316e-37,0.407996,0.407996,7.52316e-37,0.407996,0.407996,7.52316e-37,0.407996,0.407996,7.52316e-37
-0.0998308,-0.0998308,0.2,0.407996,0.407996,0,0.407996,0.407996,0,0.407996,0.407996,0,0.407996,0.407996,0
